context_id	edge_id	reference	method_type	method_subtype	site_type	chromosome	start	end	strand	transcript_id	gene_id	cell_context	support_count	source	source_version	fetch_date
rpi_site_00583fd914fc0b79b4cb	rpi_ea73d4ab6290eab6	ALYREF:CH106469	CLIP	CLIP-seq	genomic	chr7	27112601	27112601	-		ENSG00000105997	HEK293T	1	starBase	ENCORI_API_RBPTarget_hg38_mRNA_clipExpNum_ge_1_target_all_cellType_all	2026-04-12
rpi_site_00f4cbe9d958018091ae	rpi_e1c11daa35c60cd5	ALYREF:CH80797	CLIP	CLIP-seq	genomic	chr22	46361365	46361717	-		ENSG00000075275	HEK293T,HeLa	4	starBase	ENCORI_API_RBPTarget_hg38_mRNA_clipExpNum_ge_1_target_all_cellType_all	2026-04-12
rpi_site_019241d5ff6792076468	rpi_509a7983eb67f03b	ALYREF:CH70128	CLIP	CLIP-seq	genomic	chr2	169529771	169529810	-		ENSG00000138399	HeLa	1	starBase	ENCORI_API_RBPTarget_hg38_mRNA_clipExpNum_ge_1_target_all_cellType_all	2026-04-12
rpi_site_0327f4e7e924c3059f92	rpi_9ac6d17963c4980d	ALYREF:CH102975	CLIP	CLIP-seq	genomic	chr6	100606999	100607038	-		ENSG00000112249	HeLa	1	starBase	ENCORI_API_RBPTarget_hg38_mRNA_clipExpNum_ge_1_target_all_cellType_all	2026-04-12
rpi_site_035fe10fe0c1f8309658	rpi_e758225e116a8901	ALYREF:CH10887	CLIP	CLIP-seq	genomic	chr1	206652250	206652250	+		ENSG00000143479	HeLa	1	starBase	ENCORI_API_RBPTarget_hg38_mRNA_clipExpNum_ge_1_target_all_cellType_all	2026-04-12
rpi_site_03952c5c671468d44f98	rpi_5fd132fb7c656c47	ALYREF:CH119882	CLIP	CLIP-seq	genomic	chr9	129010994	129011305	-		ENSG00000148341	HEK293T	5	starBase	ENCORI_API_RBPTarget_hg38_mRNA_clipExpNum_ge_1_target_all_cellType_all	2026-04-12
rpi_site_048b051dc57cec664e20	rpi_607d5836af1024f2	ALYREF:CH74764	CLIP	CLIP-seq	genomic	chr20	43673254	43673254	+		ENSG00000101057	HEK293T	2	starBase	ENCORI_API_RBPTarget_hg38_mRNA_clipExpNum_ge_1_target_all_cellType_all	2026-04-12
rpi_site_06f1c73a07872c9ce0c5	rpi_4def7d62e2ca265a	ALYREF:CH91726	CLIP	CLIP-seq	genomic	chr4	128077868	128077868	+		ENSG00000138709	HEK293T	1	starBase	ENCORI_API_RBPTarget_hg38_mRNA_clipExpNum_ge_1_target_all_cellType_all	2026-04-12
rpi_site_0824c90dd130de1026b4	rpi_f4ceb21849acec93	ACIN1:CH6793	CLIP	CLIP-seq	genomic	chr17	4672176	4672218	-		ENSG00000141456	HeLa	2	starBase	ENCORI_API_RBPTarget_hg38_mRNA_clipExpNum_ge_1_target_all_cellType_all	2026-04-12
rpi_site_08656b11c157680cfb82	rpi_6292c5492e23ccc4	ALYREF:CH11119	CLIP	CLIP-seq	genomic	chr1	211976635	211976674	-		ENSG00000143493	HeLa	2	starBase	ENCORI_API_RBPTarget_hg38_mRNA_clipExpNum_ge_1_target_all_cellType_all	2026-04-12
rpi_site_08eb0fbd503b4def40f0	rpi_396289a51d684f3e	ALYREF:CH35793	CLIP	CLIP-seq	genomic	chr14	60713507	60713667	-		ENSG00000100625	HEK293T,HeLa	2	starBase	ENCORI_API_RBPTarget_hg38_mRNA_clipExpNum_ge_1_target_all_cellType_all	2026-04-12
rpi_site_0a8b113a18d1148b9801	rpi_5287d70229d2c172	ACIN1:CH2945	CLIP	CLIP-seq	genomic	chr11	763407	763446	+		ENSG00000177156	HeLa	1	starBase	ENCORI_API_RBPTarget_hg38_mRNA_clipExpNum_ge_1_target_all_cellType_all	2026-04-12
rpi_site_0c26b00404fb2fe24d2e	rpi_540cff7029a39885	ALYREF:CH55433	CLIP	CLIP-seq	genomic	chr17	82243586	82243793	+		ENSG00000141526	HeLa	2	starBase	ENCORI_API_RBPTarget_hg38_mRNA_clipExpNum_ge_1_target_all_cellType_all	2026-04-12
rpi_site_0de7aff71643af937265	rpi_44155c48c7ec5b04	ALYREF:CH59214	CLIP	CLIP-seq	genomic	chr19	10163809	10163964	-		ENSG00000130816	HEK293T	4	starBase	ENCORI_API_RBPTarget_hg38_mRNA_clipExpNum_ge_1_target_all_cellType_all	2026-04-12
rpi_site_0f554a8f2097f0661efd	rpi_9510b1e4542974fd	ALYREF:CH18525	CLIP	CLIP-seq	genomic	chr10	121835221	121835221	-		ENSG00000107669	HEK293T	1	starBase	ENCORI_API_RBPTarget_hg38_mRNA_clipExpNum_ge_1_target_all_cellType_all	2026-04-12
rpi_site_10827cfb823312f40087	rpi_83909fddc6820a19	ALYREF:CH35822	CLIP	CLIP-seq	genomic	chr14	61051824	61051863	+		ENSG00000139974	HeLa	1	starBase	ENCORI_API_RBPTarget_hg38_mRNA_clipExpNum_ge_1_target_all_cellType_all	2026-04-12
rpi_site_121f67d746fc9acdcc3e	rpi_6b5ec6a8afc3277e	ALYREF:CH116194	CLIP	CLIP-seq	genomic	chr9	4808321	4808321	+		ENSG00000120158	HEK293T	1	starBase	ENCORI_API_RBPTarget_hg38_mRNA_clipExpNum_ge_1_target_all_cellType_all	2026-04-12
rpi_site_126c6727408819bbd8ea	rpi_7a74e1c63c13f9c9	AKAP1:CH2219	CLIP	CLIP-seq	genomic	chr3	124887101	124887140	-		ENSG00000082781	HepG2	1	starBase	ENCORI_API_RBPTarget_hg38_mRNA_clipExpNum_ge_1_target_all_cellType_all	2026-04-12
rpi_site_13a40f9e7ad6f136df76	rpi_615fe8b8a5d79c05	ALYREF:CH21048	CLIP	CLIP-seq	genomic	chr11	57414992	57415075	-		ENSG00000134802	HeLa	4	starBase	ENCORI_API_RBPTarget_hg38_mRNA_clipExpNum_ge_1_target_all_cellType_all	2026-04-12
rpi_site_1420494d44eb68de1244	rpi_44f225974cf5f560	ALYREF:CH60438	CLIP	CLIP-seq	genomic	chr19	18853274	18853274	+		ENSG00000005007	HEK293T	1	starBase	ENCORI_API_RBPTarget_hg38_mRNA_clipExpNum_ge_1_target_all_cellType_all	2026-04-12
rpi_site_145e3a15458fd2092d82	rpi_8f4a34db267e6538	ALYREF:CH98062	CLIP	CLIP-seq	genomic	chr5	151786570	151786685	+		ENSG00000145907	HEK293T	4	starBase	ENCORI_API_RBPTarget_hg38_mRNA_clipExpNum_ge_1_target_all_cellType_all	2026-04-12
rpi_site_1a15d2bdc297849dc25f	rpi_e49ba493a84ea7a9	ALYREF:CH84336	CLIP	CLIP-seq	genomic	chr3	54825681	54825681	+		ENSG00000157445	HEK293T	1	starBase	ENCORI_API_RBPTarget_hg38_mRNA_clipExpNum_ge_1_target_all_cellType_all	2026-04-12
rpi_site_1d0e1b175870f219d929	rpi_f27f69c9a32b1221	ALYREF:CH372	CLIP	CLIP-seq	genomic	chr1	1711680	1711680	-		ENSG00000008128	HEK293T	1	starBase	ENCORI_API_RBPTarget_hg38_mRNA_clipExpNum_ge_1_target_all_cellType_all	2026-04-12
rpi_site_1dd01a419e56e691ed1a	rpi_fb5169958967844c	ALYREF:CH1369	CLIP	CLIP-seq	genomic	chr1	12614479	12614522	-		ENSG00000162496	HEK293T	2	starBase	ENCORI_API_RBPTarget_hg38_mRNA_clipExpNum_ge_1_target_all_cellType_all	2026-04-12
rpi_site_1dfd60c4e6a0fc3978ba	rpi_b7c0a8c1e03422da	ACIN1:CH8302	CLIP	CLIP-seq	genomic	chr19	10922682	10922721	+		ENSG00000142453	HeLa	1	starBase	ENCORI_API_RBPTarget_hg38_mRNA_clipExpNum_ge_1_target_all_cellType_all	2026-04-12
rpi_site_1f906c5199b05d8447ce	rpi_543e53a1e7d1fc93	ACIN1:CH17460	CLIP	CLIP-seq	genomic	chrX	71563378	71563417	+		ENSG00000147162	HeLa	1	starBase	ENCORI_API_RBPTarget_hg38_mRNA_clipExpNum_ge_1_target_all_cellType_all	2026-04-12
rpi_site_1ff87630931c7157b15a	rpi_698b802b04d3b3ce	ALYREF:CH62455	CLIP	CLIP-seq	genomic	chr19	41894221	41894260	+		ENSG00000076928	HeLa	1	starBase	ENCORI_API_RBPTarget_hg38_mRNA_clipExpNum_ge_1_target_all_cellType_all	2026-04-12
rpi_site_200aea2815544c4fd6b9	rpi_9cd733943bca118b	ALYREF:CH29487	CLIP	CLIP-seq	genomic	chr12	105154674	105154674	+		ENSG00000136051	HEK293T	1	starBase	ENCORI_API_RBPTarget_hg38_mRNA_clipExpNum_ge_1_target_all_cellType_all	2026-04-12
rpi_site_2058e0d418097a294ac2	rpi_3eba3b6e23eaaf3f	ALYREF:CH19919	CLIP	CLIP-seq	genomic	chr11	14605701	14606181	-		ENSG00000129084	HeLa	4	starBase	ENCORI_API_RBPTarget_hg38_mRNA_clipExpNum_ge_1_target_all_cellType_all	2026-04-12
rpi_site_219aba624e3a4deab374	rpi_c6481d0162303e65	ACIN1:CH2479	CLIP	CLIP-seq	genomic	chr10	67936168	67936207	-		ENSG00000148634	HeLa	1	starBase	ENCORI_API_RBPTarget_hg38_mRNA_clipExpNum_ge_1_target_all_cellType_all	2026-04-12
rpi_site_23ea4add68708ce3a6a5	rpi_fb8bc9db3994a44a	ALYREF:CH16284	CLIP	CLIP-seq	genomic	chr10	76131155	76131155	+		ENSG00000148655	HEK293T	1	starBase	ENCORI_API_RBPTarget_hg38_mRNA_clipExpNum_ge_1_target_all_cellType_all	2026-04-12
rpi_site_245d01a1df407b59be75	rpi_44a651058a48fe53	ALYREF:CH74553	CLIP	CLIP-seq	genomic	chr20	38090118	38090758	+		ENSG00000101413	HEK293T,HeLa	6	starBase	ENCORI_API_RBPTarget_hg38_mRNA_clipExpNum_ge_1_target_all_cellType_all	2026-04-12
rpi_site_27d5ebc860790869fb46	rpi_8fb4eff3cb831d89	ALYREF:CH18616	CLIP	CLIP-seq	genomic	chr10	123157752	123157834	+		ENSG00000154473	HEK293T,HeLa	5	starBase	ENCORI_API_RBPTarget_hg38_mRNA_clipExpNum_ge_1_target_all_cellType_all	2026-04-12
rpi_site_27ff841468a0203f5ee3	rpi_2f1a5726b68271ba	AKAP1:CH2636	CLIP	CLIP-seq	genomic	chr7	66154008	66154048	+		ENSG00000241258	HepG2,K562	3	starBase	ENCORI_API_RBPTarget_hg38_mRNA_clipExpNum_ge_1_target_all_cellType_all	2026-04-12
rpi_site_2a253db381a2d805a4ba	rpi_a1b9d1ce34a3a060	ACIN1:CH17643	CLIP	CLIP-seq	genomic	chrX	153695303	153695348	+		ENSG00000130821	HeLa	2	starBase	ENCORI_API_RBPTarget_hg38_mRNA_clipExpNum_ge_1_target_all_cellType_all	2026-04-12
rpi_site_2c2f4600cbb68757cc51	rpi_ffc1ce6e562332cc	ALYREF:CH119719	CLIP	CLIP-seq	genomic	chr9	128459572	128459611	+		ENSG00000136811	HeLa	1	starBase	ENCORI_API_RBPTarget_hg38_mRNA_clipExpNum_ge_1_target_all_cellType_all	2026-04-12
rpi_site_2cc5f013e878ef299de6	rpi_147957298f194d00	ALYREF:CH102172	CLIP	CLIP-seq	genomic	chr6	75711335	75711374	+		ENSG00000112701	HeLa	1	starBase	ENCORI_API_RBPTarget_hg38_mRNA_clipExpNum_ge_1_target_all_cellType_all	2026-04-12
rpi_site_2e62a3e70d351ded3698	rpi_b1d5c033fad4a85d	ALYREF:CH86926	CLIP	CLIP-seq	genomic	chr3	149086429	149086483	-		ENSG00000071794	HeLa	2	starBase	ENCORI_API_RBPTarget_hg38_mRNA_clipExpNum_ge_1_target_all_cellType_all	2026-04-12
rpi_site_34db7589f23c67e49e1a	rpi_7a6a7703c0fd84a1	ALYREF:CH39875	CLIP	CLIP-seq	genomic	chr15	63694435	63694517	-		ENSG00000103657	HEK293T,HeLa	6	starBase	ENCORI_API_RBPTarget_hg38_mRNA_clipExpNum_ge_1_target_all_cellType_all	2026-04-12
rpi_site_3a0ba2df881a7e9c8848	rpi_e402240ed1ef1e55	ACIN1:CH3715	CLIP	CLIP-seq	genomic	chr11	111688111	111688150	+		ENSG00000170145	HeLa	1	starBase	ENCORI_API_RBPTarget_hg38_mRNA_clipExpNum_ge_1_target_all_cellType_all	2026-04-12
rpi_site_3a3e568b1b456c2fd810	rpi_f630230becc453e8	ALYREF:CH110596	CLIP	CLIP-seq	genomic	chr7	133937950	133937989	+		ENSG00000131558	HeLa	1	starBase	ENCORI_API_RBPTarget_hg38_mRNA_clipExpNum_ge_1_target_all_cellType_all	2026-04-12
rpi_site_3b0c64b9ab9cf3a496d0	rpi_f12e91df7bee961c	ALYREF:CH36837	CLIP	CLIP-seq	genomic	chr14	80546023	80546023	-		ENSG00000100629	HEK293T	1	starBase	ENCORI_API_RBPTarget_hg38_mRNA_clipExpNum_ge_1_target_all_cellType_all	2026-04-12
rpi_site_3dacde220e053ffb77a1	rpi_ff1aaec499d20467	ALYREF:CH92892	CLIP	CLIP-seq	genomic	chr5	624496	624535	+		ENSG00000112877	HeLa	2	starBase	ENCORI_API_RBPTarget_hg38_mRNA_clipExpNum_ge_1_target_all_cellType_all	2026-04-12
rpi_site_3e56ce617f99e391158f	rpi_8b8d4c5f7c0fc8c4	ALYREF:CH46684	CLIP	CLIP-seq	genomic	chr16	74469595	74469595	-		ENSG00000090863	HEK293T	1	starBase	ENCORI_API_RBPTarget_hg38_mRNA_clipExpNum_ge_1_target_all_cellType_all	2026-04-12
rpi_site_4037f2a295cdd7ba7937	rpi_9127eb3db303d3de	ALYREF:CH27511	CLIP	CLIP-seq	genomic	chr12	54232656	54232656	-		ENSG00000094916	HeLa	1	starBase	ENCORI_API_RBPTarget_hg38_mRNA_clipExpNum_ge_1_target_all_cellType_all	2026-04-12
rpi_site_424719975acd3bb9aba5	rpi_7000a2f88033b4a8	ALYREF:CH74659	CLIP	CLIP-seq	genomic	chr20	41153319	41153319	+		ENSG00000124181	HEK293T	1	starBase	ENCORI_API_RBPTarget_hg38_mRNA_clipExpNum_ge_1_target_all_cellType_all	2026-04-12
rpi_site_432eee64c19a2a871736	rpi_f105cf05b082c37e	ALKBH1:CH2365	CLIP	CLIP-seq	genomic	chr8	116771931	116771931	+		ENSG00000147679	HEK293	1	starBase	ENCORI_API_RBPTarget_hg38_mRNA_clipExpNum_ge_1_target_all_cellType_all	2026-04-12
rpi_site_43b4c56e036eb6660beb	rpi_869747dd36677f30	ALYREF:CH100629	CLIP	CLIP-seq	genomic	chr6	34821673	34821761	+		ENSG00000065060	HeLa	2	starBase	ENCORI_API_RBPTarget_hg38_mRNA_clipExpNum_ge_1_target_all_cellType_all	2026-04-12
rpi_site_4584cb6f49824a782c91	rpi_0861913335e71416	ALYREF:CH10295	CLIP	CLIP-seq	genomic	chr1	197128104	197128172	-		ENSG00000066279	HEK293T	2	starBase	ENCORI_API_RBPTarget_hg38_mRNA_clipExpNum_ge_1_target_all_cellType_all	2026-04-12
rpi_site_464b0ba10a8d65e91c85	rpi_26e56f06ef12e6ce	ALYREF:CH46399	CLIP	CLIP-seq	genomic	chr16	70674324	70674397	-		ENSG00000132613	HeLa	2	starBase	ENCORI_API_RBPTarget_hg38_mRNA_clipExpNum_ge_1_target_all_cellType_all	2026-04-12
rpi_site_467ebd23f4463ff6d622	rpi_e618e6d73f06dad6	ALYREF:CH122500	CLIP	CLIP-seq	genomic	chrX	49038420	49038420	-		ENSG00000068323	HeLa	1	starBase	ENCORI_API_RBPTarget_hg38_mRNA_clipExpNum_ge_1_target_all_cellType_all	2026-04-12
rpi_site_486766557e3587c48180	rpi_b332996cce414345	ACIN1:CH7160	CLIP	CLIP-seq	genomic	chr17	39471623	39471662	+		ENSG00000167258	HeLa	1	starBase	ENCORI_API_RBPTarget_hg38_mRNA_clipExpNum_ge_1_target_all_cellType_all	2026-04-12
rpi_site_48974ae0e9facbb1aab7	rpi_93dc26db8957aa53	ALYREF:CH118729	CLIP	CLIP-seq	genomic	chr9	108942611	108942650	-		ENSG00000119326	HeLa	1	starBase	ENCORI_API_RBPTarget_hg38_mRNA_clipExpNum_ge_1_target_all_cellType_all	2026-04-12
rpi_site_491b8543e4b6f7fdabb4	rpi_d61c667c21ae0516	ACIN1:CH16429	CLIP	CLIP-seq	genomic	chr9	4826987	4826987	+		ENSG00000120158	HeLa	1	starBase	ENCORI_API_RBPTarget_hg38_mRNA_clipExpNum_ge_1_target_all_cellType_all	2026-04-12
rpi_site_4a12b972de270fa8642f	rpi_3ead655276290664	AKAP1:CH2530	CLIP	CLIP-seq	genomic	chr6	73373246	73373288	-		ENSG00000203907	HepG2,K562	2	starBase	ENCORI_API_RBPTarget_hg38_mRNA_clipExpNum_ge_1_target_all_cellType_all	2026-04-12
rpi_site_4dac531e22bf13c0c777	rpi_7d90633def915690	ALYREF:CH44816	CLIP	CLIP-seq	genomic	chr16	30782805	30783180	-		ENSG00000102870	HEK293T,HeLa	4	starBase	ENCORI_API_RBPTarget_hg38_mRNA_clipExpNum_ge_1_target_all_cellType_all	2026-04-12
rpi_site_4de954b9bf2956622e92	rpi_7843729c96bfe6f1	ACIN1:CH7011	CLIP	CLIP-seq	genomic	chr17	28584428	28584467	-		ENSG00000076382	HeLa	1	starBase	ENCORI_API_RBPTarget_hg38_mRNA_clipExpNum_ge_1_target_all_cellType_all	2026-04-12
rpi_site_5196b9a2dc672318a1a9	rpi_76af8797c85eda8f	ALYREF:CH48999	CLIP	CLIP-seq	genomic	chr17	7202946	7202986	-		ENSG00000132535	HeLa	2	starBase	ENCORI_API_RBPTarget_hg38_mRNA_clipExpNum_ge_1_target_all_cellType_all	2026-04-12
rpi_site_525b491e990dc11c1d82	rpi_9db42627052ad5d8	ALYREF:CH71232	CLIP	CLIP-seq	genomic	chr2	201420536	201420581	-		ENSG00000115993	HeLa	2	starBase	ENCORI_API_RBPTarget_hg38_mRNA_clipExpNum_ge_1_target_all_cellType_all	2026-04-12
rpi_site_532bd2b20fc6da0f87ed	rpi_e5aae65e9ac93ab3	ALYREF:CH98708	CLIP	CLIP-seq	genomic	chr5	177073134	177073134	+		ENSG00000113761	HEK293T	2	starBase	ENCORI_API_RBPTarget_hg38_mRNA_clipExpNum_ge_1_target_all_cellType_all	2026-04-12
rpi_site_53c87918e3954be1a732	rpi_d1b3b838f7956f42	ALYREF:CH73685	CLIP	CLIP-seq	genomic	chr20	23378092	23378092	-		ENSG00000125814	HEK293T	1	starBase	ENCORI_API_RBPTarget_hg38_mRNA_clipExpNum_ge_1_target_all_cellType_all	2026-04-12
rpi_site_5534395ac49f4fdbcf3a	rpi_cbd0b3f954a0e61c	ALYREF:CH21770	CLIP	CLIP-seq	genomic	chr11	65275410	65275410	+		ENSG00000014138	HEK293T	1	starBase	ENCORI_API_RBPTarget_hg38_mRNA_clipExpNum_ge_1_target_all_cellType_all	2026-04-12
rpi_site_555dc3ebb5264b584bb6	rpi_5a0b11887b00e5dd	ALYREF:CH117174	CLIP	CLIP-seq	genomic	chr9	37216927	37216927	+		ENSG00000147905	HEK293T	1	starBase	ENCORI_API_RBPTarget_hg38_mRNA_clipExpNum_ge_1_target_all_cellType_all	2026-04-12
rpi_site_57fcf61bd0aa3038b19d	rpi_f0632f115e6cdc5f	ACIN1:CH4840	CLIP	CLIP-seq	genomic	chr13	25097200	25097246	+		ENSG00000151846	HeLa	4	starBase	ENCORI_API_RBPTarget_hg38_mRNA_clipExpNum_ge_1_target_all_cellType_all	2026-04-12
rpi_site_5a9aec04ca5fd889555e	rpi_52daf82524c8449c	ALYREF:CH112078	CLIP	CLIP-seq	genomic	chr8	11324090	11324090	+		ENSG00000104643	HEK293T	1	starBase	ENCORI_API_RBPTarget_hg38_mRNA_clipExpNum_ge_1_target_all_cellType_all	2026-04-12
rpi_site_5c66f6820329b198e0ad	rpi_80a1abf4bc05f011	ALYREF:CH102293	CLIP	CLIP-seq	genomic	chr6	79947531	79947531	-		ENSG00000118402	HEK293T	1	starBase	ENCORI_API_RBPTarget_hg38_mRNA_clipExpNum_ge_1_target_all_cellType_all	2026-04-12
rpi_site_5cc215ed1a0927f74fcb	rpi_c4959e31b7af8924	ALYREF:CH48452	CLIP	CLIP-seq	genomic	chr17	2395014	2395099	-		ENSG00000070444	HeLa	2	starBase	ENCORI_API_RBPTarget_hg38_mRNA_clipExpNum_ge_1_target_all_cellType_all	2026-04-12
rpi_site_5cfc2a82d8440a4cebff	rpi_b2ccb4b810fcf591	ALYREF:CH16169	CLIP	CLIP-seq	genomic	chr10	74272672	74272672	+		ENSG00000156110	HeLa	1	starBase	ENCORI_API_RBPTarget_hg38_mRNA_clipExpNum_ge_1_target_all_cellType_all	2026-04-12
rpi_site_605103c61064714a075c	rpi_20957a483fc5b40a	ALYREF:CH26841	CLIP	CLIP-seq	genomic	chr12	48923206	48923206	-		ENSG00000134285	HEK293T	1	starBase	ENCORI_API_RBPTarget_hg38_mRNA_clipExpNum_ge_1_target_all_cellType_all	2026-04-12
rpi_site_623808a308946272eb41	rpi_cddd5cfa47c1077d	ALYREF:CH97771	CLIP	CLIP-seq	genomic	chr5	146150785	146150785	-		ENSG00000133706	HEK293T	1	starBase	ENCORI_API_RBPTarget_hg38_mRNA_clipExpNum_ge_1_target_all_cellType_all	2026-04-12
rpi_site_642c271a046710b94b91	rpi_63e4203c0c6bf5ab	ACIN1:CH832	CLIP	CLIP-seq	genomic	chr1	70321990	70321990	-		ENSG00000118454	HeLa	1	starBase	ENCORI_API_RBPTarget_hg38_mRNA_clipExpNum_ge_1_target_all_cellType_all	2026-04-12
rpi_site_6492b7c461a0d8032db8	rpi_cb5c25e2e4302534	ALYREF:CH48232	CLIP	CLIP-seq	genomic	chr17	1390404	1390404	-		ENSG00000108953	HEK293T	1	starBase	ENCORI_API_RBPTarget_hg38_mRNA_clipExpNum_ge_1_target_all_cellType_all	2026-04-12
rpi_site_64b8c4c0ed28a9756869	rpi_7d8e74021c6589e2	ALYREF:CH24769	CLIP	CLIP-seq	genomic	chr12	1027753	1028031	+		ENSG00000082805	HEK293T,HeLa	7	starBase	ENCORI_API_RBPTarget_hg38_mRNA_clipExpNum_ge_1_target_all_cellType_all	2026-04-12
rpi_site_660e0275585d5904fa3d	rpi_52b5964435b19390	ALYREF:CH94641	CLIP	CLIP-seq	genomic	chr5	60612906	60612906	-		ENSG00000035499	HEK293T	1	starBase	ENCORI_API_RBPTarget_hg38_mRNA_clipExpNum_ge_1_target_all_cellType_all	2026-04-12
rpi_site_663dfd35174b9d11bf77	rpi_620cd127d7befab4	ALYREF:CH25594	CLIP	CLIP-seq	genomic	chr12	12241662	12241662	-		ENSG00000070018	HEK293T	1	starBase	ENCORI_API_RBPTarget_hg38_mRNA_clipExpNum_ge_1_target_all_cellType_all	2026-04-12
rpi_site_6729096de1426b8fd292	rpi_96b79328fe3380b5	ALYREF:CH94818	CLIP	CLIP-seq	genomic	chr5	65576973	65577012	+		ENSG00000113593	HeLa	1	starBase	ENCORI_API_RBPTarget_hg38_mRNA_clipExpNum_ge_1_target_all_cellType_all	2026-04-12
rpi_site_675e0c0b397de3e1934c	rpi_d94c3a6f8c9aa876	ALYREF:CH52674	CLIP	CLIP-seq	genomic	chr17	49995224	49995224	-		ENSG00000064195	HeLa	1	starBase	ENCORI_API_RBPTarget_hg38_mRNA_clipExpNum_ge_1_target_all_cellType_all	2026-04-12
rpi_site_67b70fb3b0c0281d8797	rpi_1a7c5647865f9766	ALYREF:CH32977	CLIP	CLIP-seq	genomic	chr13	52456428	52456428	+		ENSG00000136108	HEK293T	1	starBase	ENCORI_API_RBPTarget_hg38_mRNA_clipExpNum_ge_1_target_all_cellType_all	2026-04-12
rpi_site_68eb8e48d59cac670ac6	rpi_85658c9915e920a6	ACIN1:CH14597	CLIP	CLIP-seq	genomic	chr7	1487660	1487699	-		ENSG00000164880	HeLa	1	starBase	ENCORI_API_RBPTarget_hg38_mRNA_clipExpNum_ge_1_target_all_cellType_all	2026-04-12
rpi_site_6c4342b25e2c5d749e90	rpi_51479064fb90b24c	ALYREF:CH36441	CLIP	CLIP-seq	genomic	chr14	73100487	73100487	+		ENSG00000119707	HEK293T	2	starBase	ENCORI_API_RBPTarget_hg38_mRNA_clipExpNum_ge_1_target_all_cellType_all	2026-04-12
rpi_site_6c70e204d1a4dd70e7b0	rpi_6b77a22c2594c057	ALYREF:CH45521	CLIP	CLIP-seq	genomic	chr16	58113750	58113750	-		ENSG00000070761	HeLa	1	starBase	ENCORI_API_RBPTarget_hg38_mRNA_clipExpNum_ge_1_target_all_cellType_all	2026-04-12
rpi_site_6e4a424c44ed49775205	rpi_a412417c778fd9b8	ACIN1:CH14018	CLIP	CLIP-seq	genomic	chr6	26094966	26094966	+		ENSG00000010704	HeLa	1	starBase	ENCORI_API_RBPTarget_hg38_mRNA_clipExpNum_ge_1_target_all_cellType_all	2026-04-12
rpi_site_6fc78e1bcdad6a365a26	rpi_41da7f885293b6fb	ALYREF:CH110018	CLIP	CLIP-seq	genomic	chr7	122074163	122074291	-		ENSG00000008311	HEK293T	4	starBase	ENCORI_API_RBPTarget_hg38_mRNA_clipExpNum_ge_1_target_all_cellType_all	2026-04-12
rpi_site_6fd42e9007b20b24414f	rpi_4079c0516d9de47b	ACIN1:CH12583	CLIP	CLIP-seq	genomic	chr4	184640118	184640170	-		ENSG00000164305	HeLa	4	starBase	ENCORI_API_RBPTarget_hg38_mRNA_clipExpNum_ge_1_target_all_cellType_all	2026-04-12
rpi_site_70191659574c5ec71365	rpi_a06f097ad7e21c60	ALYREF:CH38781	CLIP	CLIP-seq	genomic	chr15	42777161	42777200	-		ENSG00000128881	HEK293T	1	starBase	ENCORI_API_RBPTarget_hg38_mRNA_clipExpNum_ge_1_target_all_cellType_all	2026-04-12
rpi_site_70582d699232836d826d	rpi_ade002b8adac1400	ALYREF:CH10222	CLIP	CLIP-seq	genomic	chr1	192812021	192812050	+		ENSG00000116741	HeLa	2	starBase	ENCORI_API_RBPTarget_hg38_mRNA_clipExpNum_ge_1_target_all_cellType_all	2026-04-12
rpi_site_710f0156cc9bfc9c808d	rpi_86e4489e29c87227	ACIN1:CH6928	CLIP	CLIP-seq	genomic	chr17	16119425	16119464	-		ENSG00000141027	HeLa	1	starBase	ENCORI_API_RBPTarget_hg38_mRNA_clipExpNum_ge_1_target_all_cellType_all	2026-04-12
rpi_site_7205e48b19c0056a9857	rpi_8bf9f9a8105315ec	ALYREF:CH106794	CLIP	CLIP-seq	genomic	chr7	33146260	33146260	+		ENSG00000122507	HeLa	1	starBase	ENCORI_API_RBPTarget_hg38_mRNA_clipExpNum_ge_1_target_all_cellType_all	2026-04-12
rpi_site_72ec030e676c6af4c3dd	rpi_f84bf26032c52379	ACIN1:CH6835	CLIP	CLIP-seq	genomic	chr17	7251587	7251626	-		ENSG00000175826	HeLa	1	starBase	ENCORI_API_RBPTarget_hg38_mRNA_clipExpNum_ge_1_target_all_cellType_all	2026-04-12
rpi_site_77dedbc96570a35d8b26	rpi_69a04c8c7432a1ef	ALYREF:CH5251	CLIP	CLIP-seq	genomic	chr1	62634854	62634854	-		ENSG00000116641	HEK293T	2	starBase	ENCORI_API_RBPTarget_hg38_mRNA_clipExpNum_ge_1_target_all_cellType_all	2026-04-12
rpi_site_7d15f894685235f947a1	rpi_f7f8903ace832808	ALYREF:CH24550	CLIP	CLIP-seq	genomic	chr11	130906050	130906050	-		ENSG00000120451	HeLa	1	starBase	ENCORI_API_RBPTarget_hg38_mRNA_clipExpNum_ge_1_target_all_cellType_all	2026-04-12
rpi_site_7ebea22a5d60a21e5426	rpi_19247cf7dabccbbc	ACIN1:CH4480	CLIP	CLIP-seq	genomic	chr12	94381806	94381806	-		ENSG00000173588	HeLa	1	starBase	ENCORI_API_RBPTarget_hg38_mRNA_clipExpNum_ge_1_target_all_cellType_all	2026-04-12
rpi_site_80c254e3b12c8f63624b	rpi_0d85b819d683c75f	ALYREF:CH28605	CLIP	CLIP-seq	genomic	chr12	70566541	70566601	-		ENSG00000127329	HeLa	1	starBase	ENCORI_API_RBPTarget_hg38_mRNA_clipExpNum_ge_1_target_all_cellType_all	2026-04-12
rpi_site_80f8f2bdcf0dde54b362	rpi_113293cb73e546af	ALYREF:CH38443	CLIP	CLIP-seq	genomic	chr15	40206336	40206376	+		ENSG00000156970	HeLa	2	starBase	ENCORI_API_RBPTarget_hg38_mRNA_clipExpNum_ge_1_target_all_cellType_all	2026-04-12
rpi_site_8224272a4a927eeafdb6	rpi_83be2c8317e91a11	ACIN1:CH3620	CLIP	CLIP-seq	genomic	chr11	75569113	75569152	+		ENSG00000149257	HeLa	1	starBase	ENCORI_API_RBPTarget_hg38_mRNA_clipExpNum_ge_1_target_all_cellType_all	2026-04-12
rpi_site_8315dd7938cadc89a918	rpi_531a53dd0be9b063	ACIN1:CH4419	CLIP	CLIP-seq	genomic	chr12	71632430	71632469	-		ENSG00000133858	HeLa	1	starBase	ENCORI_API_RBPTarget_hg38_mRNA_clipExpNum_ge_1_target_all_cellType_all	2026-04-12
rpi_site_839c544a8a7e7bdb5516	rpi_dbe702fcc99ef3fc	ALYREF:CH87950	CLIP	CLIP-seq	genomic	chr3	184328646	184328707	+		ENSG00000114867	HEK293T,HeLa	4	starBase	ENCORI_API_RBPTarget_hg38_mRNA_clipExpNum_ge_1_target_all_cellType_all	2026-04-12
rpi_site_843b8ec7afc24803de0c	rpi_27e7fa5ec538061f	ALYREF:CH55839	CLIP	CLIP-seq	genomic	chr18	6785827	6785827	+		ENSG00000088756	HEK293T	1	starBase	ENCORI_API_RBPTarget_hg38_mRNA_clipExpNum_ge_1_target_all_cellType_all	2026-04-12
rpi_site_845e407baeebed0fb654	rpi_e5cdcb3ad3b6e7e5	ALYREF:CH37055	CLIP	CLIP-seq	genomic	chr14	92005537	92005718	-		ENSG00000100815	HeLa	2	starBase	ENCORI_API_RBPTarget_hg38_mRNA_clipExpNum_ge_1_target_all_cellType_all	2026-04-12
rpi_site_8504ac12fe877bae0a49	rpi_772833847fda75ad	ALYREF:CH44136	CLIP	CLIP-seq	genomic	chr16	24539613	24539887	+		ENSG00000122257	HEK293T,HeLa	4	starBase	ENCORI_API_RBPTarget_hg38_mRNA_clipExpNum_ge_1_target_all_cellType_all	2026-04-12
rpi_site_8649493d8f08eb21b04d	rpi_aa86709aac3ee0f3	ALYREF:CH41564	CLIP	CLIP-seq	genomic	chr15	89616402	89616441	+		ENSG00000140534	HeLa	1	starBase	ENCORI_API_RBPTarget_hg38_mRNA_clipExpNum_ge_1_target_all_cellType_all	2026-04-12
rpi_site_876d073dc8f7afbd73d5	rpi_5b411afe416d2cc6	ALYREF:CH92726	CLIP	CLIP-seq	genomic	chr4	185589713	185589752	-		ENSG00000154556	HeLa	1	starBase	ENCORI_API_RBPTarget_hg38_mRNA_clipExpNum_ge_1_target_all_cellType_all	2026-04-12
rpi_site_87a46fdf5443608238d4	rpi_956b0082efdbed1a	ACIN1:CH7609	CLIP	CLIP-seq	genomic	chr17	75671832	75671871	+		ENSG00000161526	HeLa	1	starBase	ENCORI_API_RBPTarget_hg38_mRNA_clipExpNum_ge_1_target_all_cellType_all	2026-04-12
rpi_site_8b12e8d8481b0b2bb26d	rpi_08018fb45467cbf3	ALYREF:CH61278	CLIP	CLIP-seq	genomic	chr19	35015865	35015930	+		ENSG00000089351	HEK293T	2	starBase	ENCORI_API_RBPTarget_hg38_mRNA_clipExpNum_ge_1_target_all_cellType_all	2026-04-12
rpi_site_8ea42e7bc419cc429a76	rpi_59192aeaa68f8e0d	ALYREF:CH47214	CLIP	CLIP-seq	genomic	chr16	84772562	84772638	+		ENSG00000103194	HeLa	3	starBase	ENCORI_API_RBPTarget_hg38_mRNA_clipExpNum_ge_1_target_all_cellType_all	2026-04-12
rpi_site_925c40f3420396544b45	rpi_bdca26823e2334b3	ALYREF:CH112655	CLIP	CLIP-seq	genomic	chr8	25427944	25428218	-		ENSG00000104756	HEK293T,HeLa	4	starBase	ENCORI_API_RBPTarget_hg38_mRNA_clipExpNum_ge_1_target_all_cellType_all	2026-04-12
rpi_site_92e91a45120f7aadf6e2	rpi_b0490bf5b1bd7061	ALYREF:CH64641	CLIP	CLIP-seq	genomic	chr2	10315886	10315886	+		ENSG00000115756	HEK293T	1	starBase	ENCORI_API_RBPTarget_hg38_mRNA_clipExpNum_ge_1_target_all_cellType_all	2026-04-12
rpi_site_941217dd5ac0e4f79b28	rpi_8a8b6c44fb6f2b11	ACIN1:CH9403	CLIP	CLIP-seq	genomic	chr2	58160098	58160137	-		ENSG00000115392	HeLa	1	starBase	ENCORI_API_RBPTarget_hg38_mRNA_clipExpNum_ge_1_target_all_cellType_all	2026-04-12
rpi_site_948d0427ac23201434bf	rpi_c04b45b67426b8d9	ACIN1:CH5448	CLIP	CLIP-seq	genomic	chr14	100563825	100563864	-		ENSG00000183092	HeLa	1	starBase	ENCORI_API_RBPTarget_hg38_mRNA_clipExpNum_ge_1_target_all_cellType_all	2026-04-12
rpi_site_9500ab6f477c00ded26c	rpi_65fa0d1a8cceffe3	ALYREF:CH97121	CLIP	CLIP-seq	genomic	chr5	136181506	136181545	+		ENSG00000113658	HEK293T	2	starBase	ENCORI_API_RBPTarget_hg38_mRNA_clipExpNum_ge_1_target_all_cellType_all	2026-04-12
rpi_site_9827cfcd38c4baf34996	rpi_a0fa991168e9c049	ALYREF:CH37631	CLIP	CLIP-seq	genomic	chr14	103386905	103386905	+		ENSG00000075413	HEK293T	1	starBase	ENCORI_API_RBPTarget_hg38_mRNA_clipExpNum_ge_1_target_all_cellType_all	2026-04-12
rpi_site_9c526b7bbf74481d4036	rpi_cf01185a23035ee5	ALYREF:CH4044	CLIP	CLIP-seq	genomic	chr1	43622379	43622485	+		ENSG00000142949	HEK293T	5	starBase	ENCORI_API_RBPTarget_hg38_mRNA_clipExpNum_ge_1_target_all_cellType_all	2026-04-12
rpi_site_9c712ae04fafca4cc454	rpi_e0fbabac4f1e0520	ACIN1:CH10194	CLIP	CLIP-seq	genomic	chr2	237763339	237763449	+		ENSG00000124831	HeLa	2	starBase	ENCORI_API_RBPTarget_hg38_mRNA_clipExpNum_ge_1_target_all_cellType_all	2026-04-12
rpi_site_9d5294298cd9af4aaebb	rpi_057317267154ede2	ALYREF:CH108444	CLIP	CLIP-seq	genomic	chr7	92076888	92076962	+		ENSG00000127914	HEK293T,HeLa	2	starBase	ENCORI_API_RBPTarget_hg38_mRNA_clipExpNum_ge_1_target_all_cellType_all	2026-04-12
rpi_site_9de72bfc6af9bf1a4ada	rpi_7e30d499c8ce25ae	AKAP1:CH1458	CLIP	CLIP-seq	genomic	chr19	11450420	11450465	+		ENSG00000130175	HepG2,K562	4	starBase	ENCORI_API_RBPTarget_hg38_mRNA_clipExpNum_ge_1_target_all_cellType_all	2026-04-12
rpi_site_9ea5ed9a9e50c912a3a5	rpi_497bf1906e2d7451	ALYREF:CH48217	CLIP	CLIP-seq	genomic	chr17	1189641	1189641	-		ENSG00000159842	HEK293T	1	starBase	ENCORI_API_RBPTarget_hg38_mRNA_clipExpNum_ge_1_target_all_cellType_all	2026-04-12
rpi_site_9f53d1c7319efec6d4c5	rpi_13d0d1640d410b45	ALYREF:CH15927	CLIP	CLIP-seq	genomic	chr10	72781073	72781073	+		ENSG00000156026	HEK293T	1	starBase	ENCORI_API_RBPTarget_hg38_mRNA_clipExpNum_ge_1_target_all_cellType_all	2026-04-12
rpi_site_9fe6b810e61411de0f5f	rpi_7265a660a9a121f0	AKAP1:CH1261	CLIP	CLIP-seq	genomic	chr17	78854708	78854877	-		ENSG00000035862	HepG2	2	starBase	ENCORI_API_RBPTarget_hg38_mRNA_clipExpNum_ge_1_target_all_cellType_all	2026-04-12
rpi_site_a18cd2fb42539a8dbd2d	rpi_038a28474780857d	ALYREF:CH30490	CLIP	CLIP-seq	genomic	chr12	120169796	120169846	-		ENSG00000089154	HEK293T	2	starBase	ENCORI_API_RBPTarget_hg38_mRNA_clipExpNum_ge_1_target_all_cellType_all	2026-04-12
rpi_site_a30a3399851a46bdaea6	rpi_b38f893fcc842ce7	ALYREF:CH627	CLIP	CLIP-seq	genomic	chr1	3733928	3733928	+		ENSG00000078900	HEK293T	1	starBase	ENCORI_API_RBPTarget_hg38_mRNA_clipExpNum_ge_1_target_all_cellType_all	2026-04-12
rpi_site_a4745e45c3bbe4a64880	rpi_e52cfb036824c65f	ALYREF:CH22313	CLIP	CLIP-seq	genomic	chr11	68047486	68047727	+		ENSG00000110719	HeLa	4	starBase	ENCORI_API_RBPTarget_hg38_mRNA_clipExpNum_ge_1_target_all_cellType_all	2026-04-12
rpi_site_a59632ea16d6521a2028	rpi_e11e5bd5ec911f3d	AKAP1:CH1205	CLIP	CLIP-seq	genomic	chr17	58345984	58346023	-		ENSG00000213246	HepG2	1	starBase	ENCORI_API_RBPTarget_hg38_mRNA_clipExpNum_ge_1_target_all_cellType_all	2026-04-12
rpi_site_a6091558591b4ba17e94	rpi_1f55cdadb7c5b5e8	ACIN1:CH12112	CLIP	CLIP-seq	genomic	chr3	196075223	196075347	-		ENSG00000072274	HeLa	6	starBase	ENCORI_API_RBPTarget_hg38_mRNA_clipExpNum_ge_1_target_all_cellType_all	2026-04-12
rpi_site_a8baed8b344f9ddfbad0	rpi_5269f0acd18ca0a6	ALYREF:CH28517	CLIP	CLIP-seq	genomic	chr12	69260050	69260153	+		ENSG00000111605	HEK293T,HeLa	5	starBase	ENCORI_API_RBPTarget_hg38_mRNA_clipExpNum_ge_1_target_all_cellType_all	2026-04-12
rpi_site_a91c63b66ead1913b74e	rpi_8c6dda35415ead20	ALYREF:CH122002	CLIP	CLIP-seq	genomic	chrX	38299112	38299112	-		ENSG00000156313	HEK293T	1	starBase	ENCORI_API_RBPTarget_hg38_mRNA_clipExpNum_ge_1_target_all_cellType_all	2026-04-12
rpi_site_aa3ca24b2103d105ca46	rpi_7b8ff4a493229012	ALYREF:CH44737	CLIP	CLIP-seq	genomic	chr16	30702370	30702421	+		ENSG00000080603	HEK293T	1	starBase	ENCORI_API_RBPTarget_hg38_mRNA_clipExpNum_ge_1_target_all_cellType_all	2026-04-12
rpi_site_aae1fcd564cfdc0b7536	rpi_4159cbd10f670714	ALYREF:CH24640	CLIP	CLIP-seq	genomic	chr11	134378586	134378586	-		ENSG00000109956	HEK293T	1	starBase	ENCORI_API_RBPTarget_hg38_mRNA_clipExpNum_ge_1_target_all_cellType_all	2026-04-12
rpi_site_af172b7f4ac4853dedfe	rpi_0cbf80ef5f19ceb5	ACIN1:CH8541	CLIP	CLIP-seq	genomic	chr19	18571856	18571895	+		ENSG00000221983	HeLa	1	starBase	ENCORI_API_RBPTarget_hg38_mRNA_clipExpNum_ge_1_target_all_cellType_all	2026-04-12
rpi_site_af7ee46601ead43077b9	rpi_ce36cc17a67b7406	ACIN1:CH2506	CLIP	CLIP-seq	genomic	chr10	68126615	68126732	+		ENSG00000138347	HeLa	2	starBase	ENCORI_API_RBPTarget_hg38_mRNA_clipExpNum_ge_1_target_all_cellType_all	2026-04-12
rpi_site_afdb19adae492352eb22	rpi_77ee430887132b45	ALYREF:CH72732	CLIP	CLIP-seq	genomic	chr2	240576885	240576924	+		ENSG00000142327	HeLa	1	starBase	ENCORI_API_RBPTarget_hg38_mRNA_clipExpNum_ge_1_target_all_cellType_all	2026-04-12
rpi_site_b0b1c7ac5c31480b7b72	rpi_4341aa35f25d4ab2	ALYREF:CH27153	CLIP	CLIP-seq	genomic	chr12	50820221	50820538	+		ENSG00000123268	HeLa	2	starBase	ENCORI_API_RBPTarget_hg38_mRNA_clipExpNum_ge_1_target_all_cellType_all	2026-04-12
rpi_site_b1f2ceb03c1381b12c1a	rpi_b2ccb4b810fcf591	ALYREF:CH16187	CLIP	CLIP-seq	genomic	chr10	74470441	74470441	+		ENSG00000156110	HEK293T	1	starBase	ENCORI_API_RBPTarget_hg38_mRNA_clipExpNum_ge_1_target_all_cellType_all	2026-04-12
rpi_site_b7ad6860baa144b50078	rpi_5dfa4860eb7f644c	ALYREF:CH13069	CLIP	CLIP-seq	genomic	chr1	244708588	244708976	+		ENSG00000121644	HEK293T,HeLa	5	starBase	ENCORI_API_RBPTarget_hg38_mRNA_clipExpNum_ge_1_target_all_cellType_all	2026-04-12
rpi_site_b878152c5258ea2cd429	rpi_92a3347d6ab231b5	ACIN1:CH6690	CLIP	CLIP-seq	genomic	chr16	89585715	89585761	+		ENSG00000178773	HeLa	4	starBase	ENCORI_API_RBPTarget_hg38_mRNA_clipExpNum_ge_1_target_all_cellType_all	2026-04-12
rpi_site_bba6e380150eb1e5f176	rpi_4bcbfbc535322f22	ALYREF:CH15575	CLIP	CLIP-seq	genomic	chr10	68328024	68328024	-		ENSG00000108187	HEK293T	1	starBase	ENCORI_API_RBPTarget_hg38_mRNA_clipExpNum_ge_1_target_all_cellType_all	2026-04-12
rpi_site_bd7b9d2c41525ba9edb3	rpi_107b5b4d394c3574	ALYREF:CH41207	CLIP	CLIP-seq	genomic	chr15	82237791	82237791	-		ENSG00000140598	HEK293T	1	starBase	ENCORI_API_RBPTarget_hg38_mRNA_clipExpNum_ge_1_target_all_cellType_all	2026-04-12
rpi_site_be20d8aae868c05b2cc5	rpi_54bd67efdc8f4310	ALYREF:CH19332	CLIP	CLIP-seq	genomic	chr11	3757089	3757089	-		ENSG00000110713	HEK293T	1	starBase	ENCORI_API_RBPTarget_hg38_mRNA_clipExpNum_ge_1_target_all_cellType_all	2026-04-12
rpi_site_c0c8b9965df06500717b	rpi_68b787089a9b94cd	ALKBH5:CH313	CLIP	CLIP-seq	genomic	chr14	102240306	102240345	-		ENSG00000080823	HEK293	1	starBase	ENCORI_API_RBPTarget_hg38_mRNA_clipExpNum_ge_1_target_all_cellType_all	2026-04-12
rpi_site_c1636c55c63eb8a1ee55	rpi_a612f37ac81d18de	ALYREF:CH104495	CLIP	CLIP-seq	genomic	chr6	147364004	147364106	+		ENSG00000164506	HEK293T,HeLa	3	starBase	ENCORI_API_RBPTarget_hg38_mRNA_clipExpNum_ge_1_target_all_cellType_all	2026-04-12
rpi_site_c16833f3fccd034e0ea5	rpi_2ca1bd2972e44797	ACIN1:CH984	CLIP	CLIP-seq	genomic	chr1	93582370	93582419	-		ENSG00000137936	HeLa	2	starBase	ENCORI_API_RBPTarget_hg38_mRNA_clipExpNum_ge_1_target_all_cellType_all	2026-04-12
rpi_site_c26112844dad0609afd0	rpi_2c1fa23aaf03593f	ALKBH5:CH322	CLIP	CLIP-seq	genomic	chr15	34342000	34342039	-		ENSG00000182117	HEK293	1	starBase	ENCORI_API_RBPTarget_hg38_mRNA_clipExpNum_ge_1_target_all_cellType_all	2026-04-12
rpi_site_c4e86a2e33b9626c6d48	rpi_9b4119868a618f3f	ALYREF:CH34655	CLIP	CLIP-seq	genomic	chr14	24141253	24141409	-		ENSG00000100908	HEK293T,HeLa	3	starBase	ENCORI_API_RBPTarget_hg38_mRNA_clipExpNum_ge_1_target_all_cellType_all	2026-04-12
rpi_site_c51d142f24ae31ea06d1	rpi_8994a0423ccb711d	ALYREF:CH72621	CLIP	CLIP-seq	genomic	chr2	238098455	238098494	+		ENSG00000132330	HEK293T,HeLa	2	starBase	ENCORI_API_RBPTarget_hg38_mRNA_clipExpNum_ge_1_target_all_cellType_all	2026-04-12
rpi_site_c5d9c4c713b1186917e8	rpi_981b9089eb3bf568	ALYREF:CH22367	CLIP	CLIP-seq	genomic	chr11	68537678	68537847	+		ENSG00000110075	HEK293T,HeLa	4	starBase	ENCORI_API_RBPTarget_hg38_mRNA_clipExpNum_ge_1_target_all_cellType_all	2026-04-12
rpi_site_c6780cf9acbe29322463	rpi_56d7efc4eed47503	ALYREF:CH14697	CLIP	CLIP-seq	genomic	chr10	35127017	35127108	+		ENSG00000095794	HEK293T	2	starBase	ENCORI_API_RBPTarget_hg38_mRNA_clipExpNum_ge_1_target_all_cellType_all	2026-04-12
rpi_site_c71fb4157929806b852b	rpi_f69830a93b2ec676	ALYREF:CH66445	CLIP	CLIP-seq	genomic	chr2	55222412	55222490	-		ENSG00000162994	HeLa	1	starBase	ENCORI_API_RBPTarget_hg38_mRNA_clipExpNum_ge_1_target_all_cellType_all	2026-04-12
rpi_site_cb10eb372bc72ec588ef	rpi_7eb0ff9afe5902a0	ALYREF:CH110767	CLIP	CLIP-seq	genomic	chr7	139028740	139028896	-		ENSG00000146858	HeLa	4	starBase	ENCORI_API_RBPTarget_hg38_mRNA_clipExpNum_ge_1_target_all_cellType_all	2026-04-12
rpi_site_cb50b53e2bbfd44c9dc5	rpi_d7652979e5f23fcd	ALYREF:CH15696	CLIP	CLIP-seq	genomic	chr10	68913422	68913486	+		ENSG00000107625	HeLa	2	starBase	ENCORI_API_RBPTarget_hg38_mRNA_clipExpNum_ge_1_target_all_cellType_all	2026-04-12
rpi_site_cb6dfbbd414d518a5d31	rpi_b656db14ad8459d7	ALYREF:CH31985	CLIP	CLIP-seq	genomic	chr13	27255418	27255474	+		ENSG00000122026	HEK293T	2	starBase	ENCORI_API_RBPTarget_hg38_mRNA_clipExpNum_ge_1_target_all_cellType_all	2026-04-12
rpi_site_cce5ababdfa2a2ae3374	rpi_62bc264fcc2db1dd	ALYREF:CH52129	CLIP	CLIP-seq	genomic	chr17	44322456	44322517	-		ENSG00000013306	HEK293T,HeLa	3	starBase	ENCORI_API_RBPTarget_hg38_mRNA_clipExpNum_ge_1_target_all_cellType_all	2026-04-12
rpi_site_cd621f5a195da1e06c2e	rpi_9be0f9b3b6710a5e	ACIN1:CH5214	CLIP	CLIP-seq	genomic	chr14	39177428	39177656	+		ENSG00000100941	HeLa	5	starBase	ENCORI_API_RBPTarget_hg38_mRNA_clipExpNum_ge_1_target_all_cellType_all	2026-04-12
rpi_site_d02d30fcfe520fd8ccec	rpi_6824a0034cbf00b3	ALYREF:CH66743	CLIP	CLIP-seq	genomic	chr2	61536804	61536846	-		ENSG00000082898	HEK293T	2	starBase	ENCORI_API_RBPTarget_hg38_mRNA_clipExpNum_ge_1_target_all_cellType_all	2026-04-12
rpi_site_d1128ecb8e8f75548522	rpi_8082108859d5335b	ALYREF:CH117119	CLIP	CLIP-seq	genomic	chr9	36282521	36282521	+		ENSG00000122705	HEK293T	1	starBase	ENCORI_API_RBPTarget_hg38_mRNA_clipExpNum_ge_1_target_all_cellType_all	2026-04-12
rpi_site_d17f31033847f44b684d	rpi_4df0054ab184b29f	ALYREF:CH92516	CLIP	CLIP-seq	genomic	chr4	177336263	177336263	+		ENSG00000109674	HEK293T	1	starBase	ENCORI_API_RBPTarget_hg38_mRNA_clipExpNum_ge_1_target_all_cellType_all	2026-04-12
rpi_site_d2014e2aebc8c5b5e961	rpi_004323ce100a168b	ACIN1:CH6748	CLIP	CLIP-seq	genomic	chr17	2593646	2593685	+		ENSG00000007168	HeLa	1	starBase	ENCORI_API_RBPTarget_hg38_mRNA_clipExpNum_ge_1_target_all_cellType_all	2026-04-12
rpi_site_d2506c919674278708c5	rpi_123ee896ec97ed47	ACIN1:CH4327	CLIP	CLIP-seq	genomic	chr12	56322946	56322989	-		ENSG00000135473	HeLa	2	starBase	ENCORI_API_RBPTarget_hg38_mRNA_clipExpNum_ge_1_target_all_cellType_all	2026-04-12
rpi_site_d2a88d07c07fef41f93d	rpi_868420601f76aff2	ALYREF:CH125295	CLIP	CLIP-seq	genomic	chrY	57086050	57086050	+		ENSG00000124333	HEK293T	1	starBase	ENCORI_API_RBPTarget_hg38_mRNA_clipExpNum_ge_1_target_all_cellType_all	2026-04-12
rpi_site_d36327f61842421c993f	rpi_85101e8bc7cf6a5e	ALYREF:CH95005	CLIP	CLIP-seq	genomic	chr5	72220530	72221092	-		ENSG00000113048	HEK293T,HeLa	6	starBase	ENCORI_API_RBPTarget_hg38_mRNA_clipExpNum_ge_1_target_all_cellType_all	2026-04-12
rpi_site_d3d14b3cd703da9ae2ff	rpi_ab27f293eb69bcb4	ALYREF:CH120911	CLIP	CLIP-seq	genomic	chr9	137044746	137045695	-		ENSG00000107281	HEK293T	6	starBase	ENCORI_API_RBPTarget_hg38_mRNA_clipExpNum_ge_1_target_all_cellType_all	2026-04-12
rpi_site_d3ddd346c04243d0f693	rpi_a5d3667592bb456c	ALYREF:CH71339	CLIP	CLIP-seq	genomic	chr2	203135760	203135799	+		ENSG00000144426	HeLa	2	starBase	ENCORI_API_RBPTarget_hg38_mRNA_clipExpNum_ge_1_target_all_cellType_all	2026-04-12
rpi_site_d4f51acbac5fd83d4cf1	rpi_f919390c1e87cd25	ALYREF:CH4665	CLIP	CLIP-seq	genomic	chr1	52177164	52177164	+		ENSG00000157077	HEK293T	1	starBase	ENCORI_API_RBPTarget_hg38_mRNA_clipExpNum_ge_1_target_all_cellType_all	2026-04-12
rpi_site_d5987dc824d4ffa2ff25	rpi_d166fd4788beb0df	ALYREF:CH52914	CLIP	CLIP-seq	genomic	chr17	56848749	56848794	+		ENSG00000153933	HEK293T,HeLa	3	starBase	ENCORI_API_RBPTarget_hg38_mRNA_clipExpNum_ge_1_target_all_cellType_all	2026-04-12
rpi_site_d64790caca9fd128698d	rpi_9db4a40db331f501	ALYREF:CH48339	CLIP	CLIP-seq	genomic	chr17	1841877	1841931	+		ENSG00000132383	HEK293T,HeLa	2	starBase	ENCORI_API_RBPTarget_hg38_mRNA_clipExpNum_ge_1_target_all_cellType_all	2026-04-12
rpi_site_d7c07f3f21ba9a2a6db9	rpi_b1da29554f71fe3c	ALYREF:CH38128	CLIP	CLIP-seq	genomic	chr15	28228303	28228389	-		ENSG00000128731	HEK293T,HeLa	3	starBase	ENCORI_API_RBPTarget_hg38_mRNA_clipExpNum_ge_1_target_all_cellType_all	2026-04-12
rpi_site_d7c12296fd62f511ad3e	rpi_80c2b7b5837a822b	ALYREF:CH118528	CLIP	CLIP-seq	genomic	chr9	99132560	99132612	+		ENSG00000106799	HeLa	2	starBase	ENCORI_API_RBPTarget_hg38_mRNA_clipExpNum_ge_1_target_all_cellType_all	2026-04-12
rpi_site_d801d2175c02ea6f34ad	rpi_6f62798074dd27aa	ACIN1:CH14993	CLIP	CLIP-seq	genomic	chr7	76358809	76358848	-		ENSG00000170027	HeLa	1	starBase	ENCORI_API_RBPTarget_hg38_mRNA_clipExpNum_ge_1_target_all_cellType_all	2026-04-12
rpi_site_d9ec8df728b5a2b1d246	rpi_d964f13a0832df52	ALYREF:CH23845	CLIP	CLIP-seq	genomic	chr11	114190763	114190763	+		ENSG00000109906	HEK293T	1	starBase	ENCORI_API_RBPTarget_hg38_mRNA_clipExpNum_ge_1_target_all_cellType_all	2026-04-12
rpi_site_db20c2ef6a531f809ff3	rpi_599aca44a688f45b	ALYREF:CH72324	CLIP	CLIP-seq	genomic	chr2	231788619	231788619	+		ENSG00000144524	HEK293T	1	starBase	ENCORI_API_RBPTarget_hg38_mRNA_clipExpNum_ge_1_target_all_cellType_all	2026-04-12
rpi_site_ddbe7517e336e5560e62	rpi_331995098f7284e3	ALYREF:CH103074	CLIP	CLIP-seq	genomic	chr6	106308467	106308467	-		ENSG00000057663	HEK293T	1	starBase	ENCORI_API_RBPTarget_hg38_mRNA_clipExpNum_ge_1_target_all_cellType_all	2026-04-12
rpi_site_de81ad4a316cefef3080	rpi_73b352b7f4442247	ALYREF:CH86354	CLIP	CLIP-seq	genomic	chr3	131500500	131500500	-		ENSG00000114686	HEK293T	1	starBase	ENCORI_API_RBPTarget_hg38_mRNA_clipExpNum_ge_1_target_all_cellType_all	2026-04-12
rpi_site_df73639d6e18cca37085	rpi_525966b67573a0dd	ALYREF:CH49479	CLIP	CLIP-seq	genomic	chr17	13528604	13528604	-		ENSG00000153976	HEK293T	1	starBase	ENCORI_API_RBPTarget_hg38_mRNA_clipExpNum_ge_1_target_all_cellType_all	2026-04-12
rpi_site_e1cdb669e9e949d13ce9	rpi_9cd12934a2ceb539	ACIN1:CH17254	CLIP	CLIP-seq	genomic	chrX	41346241	41346280	+		ENSG00000215301	HeLa	1	starBase	ENCORI_API_RBPTarget_hg38_mRNA_clipExpNum_ge_1_target_all_cellType_all	2026-04-12
rpi_site_e20d645603a161bc73aa	rpi_31897a6be0358a30	ACIN1:CH15455	CLIP	CLIP-seq	genomic	chr7	127808924	127808924	+		ENSG00000197157	HeLa	1	starBase	ENCORI_API_RBPTarget_hg38_mRNA_clipExpNum_ge_1_target_all_cellType_all	2026-04-12
rpi_site_e49db32bf5d7a36bdd37	rpi_9a70e579a86965f9	ALYREF:CH2594	CLIP	CLIP-seq	genomic	chr1	27550847	27551139	-		ENSG00000126705	HeLa	3	starBase	ENCORI_API_RBPTarget_hg38_mRNA_clipExpNum_ge_1_target_all_cellType_all	2026-04-12
rpi_site_e677f3a441ea2934f7a2	rpi_fbbd2cff5a875a0b	ALYREF:CH29303	CLIP	CLIP-seq	genomic	chr12	101747083	101747122	-		ENSG00000111670	HeLa	1	starBase	ENCORI_API_RBPTarget_hg38_mRNA_clipExpNum_ge_1_target_all_cellType_all	2026-04-12
rpi_site_e6ba638dc0965c5991b4	rpi_0b84aaa143a69312	ALYREF:CH6632	CLIP	CLIP-seq	genomic	chr1	108135900	108135990	-		ENSG00000085491	HeLa	3	starBase	ENCORI_API_RBPTarget_hg38_mRNA_clipExpNum_ge_1_target_all_cellType_all	2026-04-12
rpi_site_e7241ba5648a09f54a2c	rpi_d80547bfb1e3d75e	ALYREF:CH101403	CLIP	CLIP-seq	genomic	chr6	44251411	44251571	+		ENSG00000096384	HEK293T,HeLa	4	starBase	ENCORI_API_RBPTarget_hg38_mRNA_clipExpNum_ge_1_target_all_cellType_all	2026-04-12
rpi_site_e736782964c2f4557da6	rpi_3ad483ddfe1c05d2	ACIN1:CH10229	CLIP	CLIP-seq	genomic	chr2	241337418	241337418	+		ENSG00000168385	HeLa	1	starBase	ENCORI_API_RBPTarget_hg38_mRNA_clipExpNum_ge_1_target_all_cellType_all	2026-04-12
rpi_site_e8f62f7d244f464a1cce	rpi_6999b2c7612f70d5	ALYREF:CH10251	CLIP	CLIP-seq	genomic	chr1	193091619	193091671	+		ENSG00000116747	HeLa	2	starBase	ENCORI_API_RBPTarget_hg38_mRNA_clipExpNum_ge_1_target_all_cellType_all	2026-04-12
rpi_site_e9324f0d80215174d5f2	rpi_626536749b0430f2	ALYREF:CH104374	CLIP	CLIP-seq	genomic	chr6	143940732	143941545	-		ENSG00000118495	HeLa	4	starBase	ENCORI_API_RBPTarget_hg38_mRNA_clipExpNum_ge_1_target_all_cellType_all	2026-04-12
rpi_site_ea333871916987974b7d	rpi_54fa22b6ae36e997	AKAP1:CH2854	CLIP	CLIP-seq	genomic	chr9	129148054	129148093	+		ENSG00000119383	K562	1	starBase	ENCORI_API_RBPTarget_hg38_mRNA_clipExpNum_ge_1_target_all_cellType_all	2026-04-12
rpi_site_ea5f780c2e529d061bfb	rpi_440fb8542dad0f6b	ALYREF:CH92451	CLIP	CLIP-seq	genomic	chr4	170060564	170060746	-		ENSG00000109576	HEK293T	3	starBase	ENCORI_API_RBPTarget_hg38_mRNA_clipExpNum_ge_1_target_all_cellType_all	2026-04-12
rpi_site_eb81188fb3f367f6309d	rpi_42df163f77d9589d	ALYREF:CH118259	CLIP	CLIP-seq	genomic	chr9	94759708	94760478	+		ENSG00000148120	HEK293T,HeLa	7	starBase	ENCORI_API_RBPTarget_hg38_mRNA_clipExpNum_ge_1_target_all_cellType_all	2026-04-12
rpi_site_eb946f0a736011a31878	rpi_3fed42c7f75bd382	ALYREF:CH121974	CLIP	CLIP-seq	genomic	chrX	37381501	37381501	+		ENSG00000130962	HEK293T	1	starBase	ENCORI_API_RBPTarget_hg38_mRNA_clipExpNum_ge_1_target_all_cellType_all	2026-04-12
rpi_site_ee05ef003e112463327a	rpi_1797a9da69d671c8	ALYREF:CH46534	CLIP	CLIP-seq	genomic	chr16	72097699	72097738	+		ENSG00000140829	HeLa	1	starBase	ENCORI_API_RBPTarget_hg38_mRNA_clipExpNum_ge_1_target_all_cellType_all	2026-04-12
rpi_site_ee86a361703e4a526f08	rpi_4a26daf75aea5efe	ACIN1:CH3530	CLIP	CLIP-seq	genomic	chr11	69641379	69641418	+		ENSG00000110092	HeLa	1	starBase	ENCORI_API_RBPTarget_hg38_mRNA_clipExpNum_ge_1_target_all_cellType_all	2026-04-12
rpi_site_f1148cbdd9d0e0206eea	rpi_e7835fd60eb2f4d4	ALYREF:CH29628	CLIP	CLIP-seq	genomic	chr12	108647006	108647424	-		ENSG00000110880	HEK293T,HeLa	5	starBase	ENCORI_API_RBPTarget_hg38_mRNA_clipExpNum_ge_1_target_all_cellType_all	2026-04-12
rpi_site_f117f1774d6bbe307f0d	rpi_1bcec3c360dbd51c	ALYREF:CH101308	CLIP	CLIP-seq	genomic	chr6	43549535	43549535	-		ENSG00000124571	HEK293T	1	starBase	ENCORI_API_RBPTarget_hg38_mRNA_clipExpNum_ge_1_target_all_cellType_all	2026-04-12
rpi_site_f1d5386496c0442c5697	rpi_24154c2339bbab10	AKAP1:CH1349	CLIP	CLIP-seq	genomic	chr19	647762	648010	-		ENSG00000070423	HepG2	2	starBase	ENCORI_API_RBPTarget_hg38_mRNA_clipExpNum_ge_1_target_all_cellType_all	2026-04-12
rpi_site_f2ea907f0f2aa569665f	rpi_c9a84430c7c23247	ALKBH1:CH2321	CLIP	CLIP-seq	genomic	chr8	27605017	27605198	-		ENSG00000120885	HeLa	1	starBase	ENCORI_API_RBPTarget_hg38_mRNA_clipExpNum_ge_1_target_all_cellType_all	2026-04-12
rpi_site_f52dcd489aaf8919282d	rpi_ce7436d8c4964f2f	ALYREF:CH72137	CLIP	CLIP-seq	genomic	chr2	224511455	224511455	-		ENSG00000036257	HEK293T	2	starBase	ENCORI_API_RBPTarget_hg38_mRNA_clipExpNum_ge_1_target_all_cellType_all	2026-04-12
rpi_site_faa6d16e52ac80f17099	rpi_b35195e39d0a922f	ALKBH5:CH693	CLIP	CLIP-seq	genomic	chr3	9429101	9429140	+		ENSG00000168137	HEK293	1	starBase	ENCORI_API_RBPTarget_hg38_mRNA_clipExpNum_ge_1_target_all_cellType_all	2026-04-12
rpi_site_fb5cbd71f5f4ac574412	rpi_06abcd22f76cae30	ALKBH5:CH488	CLIP	CLIP-seq	genomic	chr19	10690148	10690187	+		ENSG00000129351	HEK293	1	starBase	ENCORI_API_RBPTarget_hg38_mRNA_clipExpNum_ge_1_target_all_cellType_all	2026-04-12
rpi_site_fbc59a32d463e7a46e28	rpi_d10ebeef36f5eadf	ACIN1:CH12704	CLIP	CLIP-seq	genomic	chr5	6606854	6606919	-		ENSG00000037474	HeLa	3	starBase	ENCORI_API_RBPTarget_hg38_mRNA_clipExpNum_ge_1_target_all_cellType_all	2026-04-12
rpi_site_fc396a705c61eee0d0cd	rpi_e846251ac4571d16	ALYREF:CH2576	CLIP	CLIP-seq	genomic	chr1	27436478	27436478	-		ENSG00000158195	HEK293T	1	starBase	ENCORI_API_RBPTarget_hg38_mRNA_clipExpNum_ge_1_target_all_cellType_all	2026-04-12
rpi_site_fc72fdc7ca1c19086a29	rpi_df6235edc7d9c2e2	ALYREF:CH50697	CLIP	CLIP-seq	genomic	chr17	30185872	30185872	+		ENSG00000126653	HeLa	1	starBase	ENCORI_API_RBPTarget_hg38_mRNA_clipExpNum_ge_1_target_all_cellType_all	2026-04-12
rpi_site_fccfcc7d3d3c83b38567	rpi_c81dbe8ad72e3dd0	ALYREF:CH113144	CLIP	CLIP-seq	genomic	chr8	41930417	41930528	-		ENSG00000083168	HEK293T	3	starBase	ENCORI_API_RBPTarget_hg38_mRNA_clipExpNum_ge_1_target_all_cellType_all	2026-04-12
rpi_site_fcdbf39fc3084bb3d50c	rpi_01e64bd9b7045d0f	ALYREF:CH111864	CLIP	CLIP-seq	genomic	chr8	1869369	1869369	+		ENSG00000104728	HEK293T	1	starBase	ENCORI_API_RBPTarget_hg38_mRNA_clipExpNum_ge_1_target_all_cellType_all	2026-04-12
rpi_site_fdd546d53a29e649193d	rpi_722b4f15c80c2879	ALYREF:CH21250	CLIP	CLIP-seq	genomic	chr11	61353843	61353882	-		ENSG00000162144	HeLa	1	starBase	ENCORI_API_RBPTarget_hg38_mRNA_clipExpNum_ge_1_target_all_cellType_all	2026-04-12
rpi_site_ff578377ccf40a925fc3	rpi_a3559b414646e172	ALYREF:CH84280	CLIP	CLIP-seq	genomic	chr3	53868349	53868429	-		ENSG00000113812	HEK293T,HeLa	2	starBase	ENCORI_API_RBPTarget_hg38_mRNA_clipExpNum_ge_1_target_all_cellType_all	2026-04-12
