rna_id	biosample_tissue	biosample_cell_type	expression_value	expression_unit	assay	sample_id	experiment_id	source_dataset	source_file	evidence_level	source	source_version	fetch_date
ENST00000641515_9606	blood	CD4-positive, alpha-beta T cell	0	counts_mean	total RNA-seq	ENCFF937GQE	ENCSR140GZF	ENCODE	ENCFF937GQE.tsv	low	ENCODE	ENCODE:rolling	2026-04-12
ENST00000341065_9606	blood	CD4-positive, alpha-beta T cell	51.333333	counts_mean	total RNA-seq	ENCFF937GQE	ENCSR140GZF	ENCODE	ENCFF937GQE.tsv	medium	ENCODE	ENCODE:rolling	2026-04-12
ENST00000342066_9606	blood	CD4-positive, alpha-beta T cell	51.333333	counts_mean	total RNA-seq	ENCFF937GQE	ENCSR140GZF	ENCODE	ENCFF937GQE.tsv	medium	ENCODE	ENCODE:rolling	2026-04-12
ENST00000437963_9606	blood	CD4-positive, alpha-beta T cell	51.333333	counts_mean	total RNA-seq	ENCFF937GQE	ENCSR140GZF	ENCODE	ENCFF937GQE.tsv	medium	ENCODE	ENCODE:rolling	2026-04-12
ENST00000455979_9606	blood	CD4-positive, alpha-beta T cell	51.333333	counts_mean	total RNA-seq	ENCFF937GQE	ENCSR140GZF	ENCODE	ENCFF937GQE.tsv	medium	ENCODE	ENCODE:rolling	2026-04-12
ENST00000464948_9606	blood	CD4-positive, alpha-beta T cell	51.333333	counts_mean	total RNA-seq	ENCFF937GQE	ENCSR140GZF	ENCODE	ENCFF937GQE.tsv	medium	ENCODE	ENCODE:rolling	2026-04-12
ENST00000466827_9606	blood	CD4-positive, alpha-beta T cell	51.333333	counts_mean	total RNA-seq	ENCFF937GQE	ENCSR140GZF	ENCODE	ENCFF937GQE.tsv	medium	ENCODE	ENCODE:rolling	2026-04-12
ENST00000474461_9606	blood	CD4-positive, alpha-beta T cell	51.333333	counts_mean	total RNA-seq	ENCFF937GQE	ENCSR140GZF	ENCODE	ENCFF937GQE.tsv	medium	ENCODE	ENCODE:rolling	2026-04-12
ENST00000478729_9606	blood	CD4-positive, alpha-beta T cell	51.333333	counts_mean	total RNA-seq	ENCFF937GQE	ENCSR140GZF	ENCODE	ENCFF937GQE.tsv	medium	ENCODE	ENCODE:rolling	2026-04-12
ENST00000616016_9606	blood	CD4-positive, alpha-beta T cell	51.333333	counts_mean	total RNA-seq	ENCFF937GQE	ENCSR140GZF	ENCODE	ENCFF937GQE.tsv	medium	ENCODE	ENCODE:rolling	2026-04-12
ENST00000616125_9606	blood	CD4-positive, alpha-beta T cell	51.333333	counts_mean	total RNA-seq	ENCFF937GQE	ENCSR140GZF	ENCODE	ENCFF937GQE.tsv	medium	ENCODE	ENCODE:rolling	2026-04-12
ENST00000617307_9606	blood	CD4-positive, alpha-beta T cell	51.333333	counts_mean	total RNA-seq	ENCFF937GQE	ENCSR140GZF	ENCODE	ENCFF937GQE.tsv	medium	ENCODE	ENCODE:rolling	2026-04-12
ENST00000618181_9606	blood	CD4-positive, alpha-beta T cell	51.333333	counts_mean	total RNA-seq	ENCFF937GQE	ENCSR140GZF	ENCODE	ENCFF937GQE.tsv	medium	ENCODE	ENCODE:rolling	2026-04-12
ENST00000618323_9606	blood	CD4-positive, alpha-beta T cell	51.333333	counts_mean	total RNA-seq	ENCFF937GQE	ENCSR140GZF	ENCODE	ENCFF937GQE.tsv	medium	ENCODE	ENCODE:rolling	2026-04-12
ENST00000618779_9606	blood	CD4-positive, alpha-beta T cell	51.333333	counts_mean	total RNA-seq	ENCFF937GQE	ENCSR140GZF	ENCODE	ENCFF937GQE.tsv	medium	ENCODE	ENCODE:rolling	2026-04-12
ENST00000622503_9606	blood	CD4-positive, alpha-beta T cell	51.333333	counts_mean	total RNA-seq	ENCFF937GQE	ENCSR140GZF	ENCODE	ENCFF937GQE.tsv	medium	ENCODE	ENCODE:rolling	2026-04-12
ENST00000968542_9606	blood	CD4-positive, alpha-beta T cell	51.333333	counts_mean	total RNA-seq	ENCFF937GQE	ENCSR140GZF	ENCODE	ENCFF937GQE.tsv	medium	ENCODE	ENCODE:rolling	2026-04-12
ENST00000968543_9606	blood	CD4-positive, alpha-beta T cell	51.333333	counts_mean	total RNA-seq	ENCFF937GQE	ENCSR140GZF	ENCODE	ENCFF937GQE.tsv	medium	ENCODE	ENCODE:rolling	2026-04-12
ENST00000968544_9606	blood	CD4-positive, alpha-beta T cell	51.333333	counts_mean	total RNA-seq	ENCFF937GQE	ENCSR140GZF	ENCODE	ENCFF937GQE.tsv	medium	ENCODE	ENCODE:rolling	2026-04-12
ENST00000327044_9606	blood	CD4-positive, alpha-beta T cell	692.666667	counts_mean	total RNA-seq	ENCFF937GQE	ENCSR140GZF	ENCODE	ENCFF937GQE.tsv	high	ENCODE	ENCODE:rolling	2026-04-12
ENST00000469563_9606	blood	CD4-positive, alpha-beta T cell	692.666667	counts_mean	total RNA-seq	ENCFF937GQE	ENCSR140GZF	ENCODE	ENCFF937GQE.tsv	high	ENCODE	ENCODE:rolling	2026-04-12
ENST00000477976_9606	blood	CD4-positive, alpha-beta T cell	692.666667	counts_mean	total RNA-seq	ENCFF937GQE	ENCSR140GZF	ENCODE	ENCFF937GQE.tsv	high	ENCODE	ENCODE:rolling	2026-04-12
ENST00000483767_9606	blood	CD4-positive, alpha-beta T cell	692.666667	counts_mean	total RNA-seq	ENCFF937GQE	ENCSR140GZF	ENCODE	ENCFF937GQE.tsv	high	ENCODE	ENCODE:rolling	2026-04-12
ENST00000487214_9606	blood	CD4-positive, alpha-beta T cell	692.666667	counts_mean	total RNA-seq	ENCFF937GQE	ENCSR140GZF	ENCODE	ENCFF937GQE.tsv	high	ENCODE	ENCODE:rolling	2026-04-12
ENST00000496938_9606	blood	CD4-positive, alpha-beta T cell	692.666667	counts_mean	total RNA-seq	ENCFF937GQE	ENCSR140GZF	ENCODE	ENCFF937GQE.tsv	high	ENCODE	ENCODE:rolling	2026-04-12
ENST00000870725_9606	blood	CD4-positive, alpha-beta T cell	692.666667	counts_mean	total RNA-seq	ENCFF937GQE	ENCSR140GZF	ENCODE	ENCFF937GQE.tsv	high	ENCODE	ENCODE:rolling	2026-04-12
ENST00000870726_9606	blood	CD4-positive, alpha-beta T cell	692.666667	counts_mean	total RNA-seq	ENCFF937GQE	ENCSR140GZF	ENCODE	ENCFF937GQE.tsv	high	ENCODE	ENCODE:rolling	2026-04-12
ENST00000870727_9606	blood	CD4-positive, alpha-beta T cell	692.666667	counts_mean	total RNA-seq	ENCFF937GQE	ENCSR140GZF	ENCODE	ENCFF937GQE.tsv	high	ENCODE	ENCODE:rolling	2026-04-12
ENST00000870728_9606	blood	CD4-positive, alpha-beta T cell	692.666667	counts_mean	total RNA-seq	ENCFF937GQE	ENCSR140GZF	ENCODE	ENCFF937GQE.tsv	high	ENCODE	ENCODE:rolling	2026-04-12
ENST00000870729_9606	blood	CD4-positive, alpha-beta T cell	692.666667	counts_mean	total RNA-seq	ENCFF937GQE	ENCSR140GZF	ENCODE	ENCFF937GQE.tsv	high	ENCODE	ENCODE:rolling	2026-04-12
ENST00000870730_9606	blood	CD4-positive, alpha-beta T cell	692.666667	counts_mean	total RNA-seq	ENCFF937GQE	ENCSR140GZF	ENCODE	ENCFF937GQE.tsv	high	ENCODE	ENCODE:rolling	2026-04-12
ENST00000870731_9606	blood	CD4-positive, alpha-beta T cell	692.666667	counts_mean	total RNA-seq	ENCFF937GQE	ENCSR140GZF	ENCODE	ENCFF937GQE.tsv	high	ENCODE	ENCODE:rolling	2026-04-12
ENST00000870732_9606	blood	CD4-positive, alpha-beta T cell	692.666667	counts_mean	total RNA-seq	ENCFF937GQE	ENCSR140GZF	ENCODE	ENCFF937GQE.tsv	high	ENCODE	ENCODE:rolling	2026-04-12
ENST00000870733_9606	blood	CD4-positive, alpha-beta T cell	692.666667	counts_mean	total RNA-seq	ENCFF937GQE	ENCSR140GZF	ENCODE	ENCFF937GQE.tsv	high	ENCODE	ENCODE:rolling	2026-04-12
ENST00000870734_9606	blood	CD4-positive, alpha-beta T cell	692.666667	counts_mean	total RNA-seq	ENCFF937GQE	ENCSR140GZF	ENCODE	ENCFF937GQE.tsv	high	ENCODE	ENCODE:rolling	2026-04-12
ENST00000870735_9606	blood	CD4-positive, alpha-beta T cell	692.666667	counts_mean	total RNA-seq	ENCFF937GQE	ENCSR140GZF	ENCODE	ENCFF937GQE.tsv	high	ENCODE	ENCODE:rolling	2026-04-12
ENST00000870736_9606	blood	CD4-positive, alpha-beta T cell	692.666667	counts_mean	total RNA-seq	ENCFF937GQE	ENCSR140GZF	ENCODE	ENCFF937GQE.tsv	high	ENCODE	ENCODE:rolling	2026-04-12
ENST00000870737_9606	blood	CD4-positive, alpha-beta T cell	692.666667	counts_mean	total RNA-seq	ENCFF937GQE	ENCSR140GZF	ENCODE	ENCFF937GQE.tsv	high	ENCODE	ENCODE:rolling	2026-04-12
ENST00000870738_9606	blood	CD4-positive, alpha-beta T cell	692.666667	counts_mean	total RNA-seq	ENCFF937GQE	ENCSR140GZF	ENCODE	ENCFF937GQE.tsv	high	ENCODE	ENCODE:rolling	2026-04-12
ENST00000870739_9606	blood	CD4-positive, alpha-beta T cell	692.666667	counts_mean	total RNA-seq	ENCFF937GQE	ENCSR140GZF	ENCODE	ENCFF937GQE.tsv	high	ENCODE	ENCODE:rolling	2026-04-12
ENST00000934932_9606	blood	CD4-positive, alpha-beta T cell	692.666667	counts_mean	total RNA-seq	ENCFF937GQE	ENCSR140GZF	ENCODE	ENCFF937GQE.tsv	high	ENCODE	ENCODE:rolling	2026-04-12
ENST00000934933_9606	blood	CD4-positive, alpha-beta T cell	692.666667	counts_mean	total RNA-seq	ENCFF937GQE	ENCSR140GZF	ENCODE	ENCFF937GQE.tsv	high	ENCODE	ENCODE:rolling	2026-04-12
ENST00000934934_9606	blood	CD4-positive, alpha-beta T cell	692.666667	counts_mean	total RNA-seq	ENCFF937GQE	ENCSR140GZF	ENCODE	ENCFF937GQE.tsv	high	ENCODE	ENCODE:rolling	2026-04-12
ENST00000934935_9606	blood	CD4-positive, alpha-beta T cell	692.666667	counts_mean	total RNA-seq	ENCFF937GQE	ENCSR140GZF	ENCODE	ENCFF937GQE.tsv	high	ENCODE	ENCODE:rolling	2026-04-12
ENST00000934936_9606	blood	CD4-positive, alpha-beta T cell	692.666667	counts_mean	total RNA-seq	ENCFF937GQE	ENCSR140GZF	ENCODE	ENCFF937GQE.tsv	high	ENCODE	ENCODE:rolling	2026-04-12
ENST00000934937_9606	blood	CD4-positive, alpha-beta T cell	692.666667	counts_mean	total RNA-seq	ENCFF937GQE	ENCSR140GZF	ENCODE	ENCFF937GQE.tsv	high	ENCODE	ENCODE:rolling	2026-04-12
ENST00000934938_9606	blood	CD4-positive, alpha-beta T cell	692.666667	counts_mean	total RNA-seq	ENCFF937GQE	ENCSR140GZF	ENCODE	ENCFF937GQE.tsv	high	ENCODE	ENCODE:rolling	2026-04-12
ENST00000934939_9606	blood	CD4-positive, alpha-beta T cell	692.666667	counts_mean	total RNA-seq	ENCFF937GQE	ENCSR140GZF	ENCODE	ENCFF937GQE.tsv	high	ENCODE	ENCODE:rolling	2026-04-12
ENST00000934940_9606	blood	CD4-positive, alpha-beta T cell	692.666667	counts_mean	total RNA-seq	ENCFF937GQE	ENCSR140GZF	ENCODE	ENCFF937GQE.tsv	high	ENCODE	ENCODE:rolling	2026-04-12
ENST00000934941_9606	blood	CD4-positive, alpha-beta T cell	692.666667	counts_mean	total RNA-seq	ENCFF937GQE	ENCSR140GZF	ENCODE	ENCFF937GQE.tsv	high	ENCODE	ENCODE:rolling	2026-04-12
ENST00000934942_9606	blood	CD4-positive, alpha-beta T cell	692.666667	counts_mean	total RNA-seq	ENCFF937GQE	ENCSR140GZF	ENCODE	ENCFF937GQE.tsv	high	ENCODE	ENCODE:rolling	2026-04-12
ENST00000934943_9606	blood	CD4-positive, alpha-beta T cell	692.666667	counts_mean	total RNA-seq	ENCFF937GQE	ENCSR140GZF	ENCODE	ENCFF937GQE.tsv	high	ENCODE	ENCODE:rolling	2026-04-12
ENST00000934944_9606	blood	CD4-positive, alpha-beta T cell	692.666667	counts_mean	total RNA-seq	ENCFF937GQE	ENCSR140GZF	ENCODE	ENCFF937GQE.tsv	high	ENCODE	ENCODE:rolling	2026-04-12
ENST00000934945_9606	blood	CD4-positive, alpha-beta T cell	692.666667	counts_mean	total RNA-seq	ENCFF937GQE	ENCSR140GZF	ENCODE	ENCFF937GQE.tsv	high	ENCODE	ENCODE:rolling	2026-04-12
ENST00000934946_9606	blood	CD4-positive, alpha-beta T cell	692.666667	counts_mean	total RNA-seq	ENCFF937GQE	ENCSR140GZF	ENCODE	ENCFF937GQE.tsv	high	ENCODE	ENCODE:rolling	2026-04-12
ENST00000934947_9606	blood	CD4-positive, alpha-beta T cell	692.666667	counts_mean	total RNA-seq	ENCFF937GQE	ENCSR140GZF	ENCODE	ENCFF937GQE.tsv	high	ENCODE	ENCODE:rolling	2026-04-12
ENST00000934948_9606	blood	CD4-positive, alpha-beta T cell	692.666667	counts_mean	total RNA-seq	ENCFF937GQE	ENCSR140GZF	ENCODE	ENCFF937GQE.tsv	high	ENCODE	ENCODE:rolling	2026-04-12
ENST00000934949_9606	blood	CD4-positive, alpha-beta T cell	692.666667	counts_mean	total RNA-seq	ENCFF937GQE	ENCSR140GZF	ENCODE	ENCFF937GQE.tsv	high	ENCODE	ENCODE:rolling	2026-04-12
ENST00000934950_9606	blood	CD4-positive, alpha-beta T cell	692.666667	counts_mean	total RNA-seq	ENCFF937GQE	ENCSR140GZF	ENCODE	ENCFF937GQE.tsv	high	ENCODE	ENCODE:rolling	2026-04-12
ENST00000934951_9606	blood	CD4-positive, alpha-beta T cell	692.666667	counts_mean	total RNA-seq	ENCFF937GQE	ENCSR140GZF	ENCODE	ENCFF937GQE.tsv	high	ENCODE	ENCODE:rolling	2026-04-12
ENST00000934952_9606	blood	CD4-positive, alpha-beta T cell	692.666667	counts_mean	total RNA-seq	ENCFF937GQE	ENCSR140GZF	ENCODE	ENCFF937GQE.tsv	high	ENCODE	ENCODE:rolling	2026-04-12
ENST00000934953_9606	blood	CD4-positive, alpha-beta T cell	692.666667	counts_mean	total RNA-seq	ENCFF937GQE	ENCSR140GZF	ENCODE	ENCFF937GQE.tsv	high	ENCODE	ENCODE:rolling	2026-04-12
ENST00000934954_9606	blood	CD4-positive, alpha-beta T cell	692.666667	counts_mean	total RNA-seq	ENCFF937GQE	ENCSR140GZF	ENCODE	ENCFF937GQE.tsv	high	ENCODE	ENCODE:rolling	2026-04-12
ENST00000934955_9606	blood	CD4-positive, alpha-beta T cell	692.666667	counts_mean	total RNA-seq	ENCFF937GQE	ENCSR140GZF	ENCODE	ENCFF937GQE.tsv	high	ENCODE	ENCODE:rolling	2026-04-12
ENST00000934956_9606	blood	CD4-positive, alpha-beta T cell	692.666667	counts_mean	total RNA-seq	ENCFF937GQE	ENCSR140GZF	ENCODE	ENCFF937GQE.tsv	high	ENCODE	ENCODE:rolling	2026-04-12
ENST00000934957_9606	blood	CD4-positive, alpha-beta T cell	692.666667	counts_mean	total RNA-seq	ENCFF937GQE	ENCSR140GZF	ENCODE	ENCFF937GQE.tsv	high	ENCODE	ENCODE:rolling	2026-04-12
ENST00000934958_9606	blood	CD4-positive, alpha-beta T cell	692.666667	counts_mean	total RNA-seq	ENCFF937GQE	ENCSR140GZF	ENCODE	ENCFF937GQE.tsv	high	ENCODE	ENCODE:rolling	2026-04-12
ENST00000934959_9606	blood	CD4-positive, alpha-beta T cell	692.666667	counts_mean	total RNA-seq	ENCFF937GQE	ENCSR140GZF	ENCODE	ENCFF937GQE.tsv	high	ENCODE	ENCODE:rolling	2026-04-12
ENST00000968805_9606	blood	CD4-positive, alpha-beta T cell	692.666667	counts_mean	total RNA-seq	ENCFF937GQE	ENCSR140GZF	ENCODE	ENCFF937GQE.tsv	high	ENCODE	ENCODE:rolling	2026-04-12
ENST00000968806_9606	blood	CD4-positive, alpha-beta T cell	692.666667	counts_mean	total RNA-seq	ENCFF937GQE	ENCSR140GZF	ENCODE	ENCFF937GQE.tsv	high	ENCODE	ENCODE:rolling	2026-04-12
ENST00000968807_9606	blood	CD4-positive, alpha-beta T cell	692.666667	counts_mean	total RNA-seq	ENCFF937GQE	ENCSR140GZF	ENCODE	ENCFF937GQE.tsv	high	ENCODE	ENCODE:rolling	2026-04-12
ENST00000968808_9606	blood	CD4-positive, alpha-beta T cell	692.666667	counts_mean	total RNA-seq	ENCFF937GQE	ENCSR140GZF	ENCODE	ENCFF937GQE.tsv	high	ENCODE	ENCODE:rolling	2026-04-12
ENST00000968809_9606	blood	CD4-positive, alpha-beta T cell	692.666667	counts_mean	total RNA-seq	ENCFF937GQE	ENCSR140GZF	ENCODE	ENCFF937GQE.tsv	high	ENCODE	ENCODE:rolling	2026-04-12
ENST00000968810_9606	blood	CD4-positive, alpha-beta T cell	692.666667	counts_mean	total RNA-seq	ENCFF937GQE	ENCSR140GZF	ENCODE	ENCFF937GQE.tsv	high	ENCODE	ENCODE:rolling	2026-04-12
ENST00000968811_9606	blood	CD4-positive, alpha-beta T cell	692.666667	counts_mean	total RNA-seq	ENCFF937GQE	ENCSR140GZF	ENCODE	ENCFF937GQE.tsv	high	ENCODE	ENCODE:rolling	2026-04-12
ENST00000968812_9606	blood	CD4-positive, alpha-beta T cell	692.666667	counts_mean	total RNA-seq	ENCFF937GQE	ENCSR140GZF	ENCODE	ENCFF937GQE.tsv	high	ENCODE	ENCODE:rolling	2026-04-12
ENST00000968813_9606	blood	CD4-positive, alpha-beta T cell	692.666667	counts_mean	total RNA-seq	ENCFF937GQE	ENCSR140GZF	ENCODE	ENCFF937GQE.tsv	high	ENCODE	ENCODE:rolling	2026-04-12
ENST00000968814_9606	blood	CD4-positive, alpha-beta T cell	692.666667	counts_mean	total RNA-seq	ENCFF937GQE	ENCSR140GZF	ENCODE	ENCFF937GQE.tsv	high	ENCODE	ENCODE:rolling	2026-04-12
ENST00000968815_9606	blood	CD4-positive, alpha-beta T cell	692.666667	counts_mean	total RNA-seq	ENCFF937GQE	ENCSR140GZF	ENCODE	ENCFF937GQE.tsv	high	ENCODE	ENCODE:rolling	2026-04-12
ENST00000968816_9606	blood	CD4-positive, alpha-beta T cell	692.666667	counts_mean	total RNA-seq	ENCFF937GQE	ENCSR140GZF	ENCODE	ENCFF937GQE.tsv	high	ENCODE	ENCODE:rolling	2026-04-12
ENST00000968817_9606	blood	CD4-positive, alpha-beta T cell	692.666667	counts_mean	total RNA-seq	ENCFF937GQE	ENCSR140GZF	ENCODE	ENCFF937GQE.tsv	high	ENCODE	ENCODE:rolling	2026-04-12
ENST00000968818_9606	blood	CD4-positive, alpha-beta T cell	692.666667	counts_mean	total RNA-seq	ENCFF937GQE	ENCSR140GZF	ENCODE	ENCFF937GQE.tsv	high	ENCODE	ENCODE:rolling	2026-04-12
ENST00000968819_9606	blood	CD4-positive, alpha-beta T cell	692.666667	counts_mean	total RNA-seq	ENCFF937GQE	ENCSR140GZF	ENCODE	ENCFF937GQE.tsv	high	ENCODE	ENCODE:rolling	2026-04-12
ENST00000968820_9606	blood	CD4-positive, alpha-beta T cell	692.666667	counts_mean	total RNA-seq	ENCFF937GQE	ENCSR140GZF	ENCODE	ENCFF937GQE.tsv	high	ENCODE	ENCODE:rolling	2026-04-12
ENST00000968821_9606	blood	CD4-positive, alpha-beta T cell	692.666667	counts_mean	total RNA-seq	ENCFF937GQE	ENCSR140GZF	ENCODE	ENCFF937GQE.tsv	high	ENCODE	ENCODE:rolling	2026-04-12
ENST00000968822_9606	blood	CD4-positive, alpha-beta T cell	692.666667	counts_mean	total RNA-seq	ENCFF937GQE	ENCSR140GZF	ENCODE	ENCFF937GQE.tsv	high	ENCODE	ENCODE:rolling	2026-04-12
ENST00000968823_9606	blood	CD4-positive, alpha-beta T cell	692.666667	counts_mean	total RNA-seq	ENCFF937GQE	ENCSR140GZF	ENCODE	ENCFF937GQE.tsv	high	ENCODE	ENCODE:rolling	2026-04-12
ENST00000968824_9606	blood	CD4-positive, alpha-beta T cell	692.666667	counts_mean	total RNA-seq	ENCFF937GQE	ENCSR140GZF	ENCODE	ENCFF937GQE.tsv	high	ENCODE	ENCODE:rolling	2026-04-12
ENST00000338591_9606	blood	CD4-positive, alpha-beta T cell	150	counts_mean	total RNA-seq	ENCFF937GQE	ENCSR140GZF	ENCODE	ENCFF937GQE.tsv	high	ENCODE	ENCODE:rolling	2026-04-12
ENST00000463212_9606	blood	CD4-positive, alpha-beta T cell	150	counts_mean	total RNA-seq	ENCFF937GQE	ENCSR140GZF	ENCODE	ENCFF937GQE.tsv	high	ENCODE	ENCODE:rolling	2026-04-12
ENST00000466300_9606	blood	CD4-positive, alpha-beta T cell	150	counts_mean	total RNA-seq	ENCFF937GQE	ENCSR140GZF	ENCODE	ENCFF937GQE.tsv	high	ENCODE	ENCODE:rolling	2026-04-12
ENST00000481067_9606	blood	CD4-positive, alpha-beta T cell	150	counts_mean	total RNA-seq	ENCFF937GQE	ENCSR140GZF	ENCODE	ENCFF937GQE.tsv	high	ENCODE	ENCODE:rolling	2026-04-12
ENST00000887516_9606	blood	CD4-positive, alpha-beta T cell	150	counts_mean	total RNA-seq	ENCFF937GQE	ENCSR140GZF	ENCODE	ENCFF937GQE.tsv	high	ENCODE	ENCODE:rolling	2026-04-12
ENST00000887517_9606	blood	CD4-positive, alpha-beta T cell	150	counts_mean	total RNA-seq	ENCFF937GQE	ENCSR140GZF	ENCODE	ENCFF937GQE.tsv	high	ENCODE	ENCODE:rolling	2026-04-12
ENST00000935109_9606	blood	CD4-positive, alpha-beta T cell	150	counts_mean	total RNA-seq	ENCFF937GQE	ENCSR140GZF	ENCODE	ENCFF937GQE.tsv	high	ENCODE	ENCODE:rolling	2026-04-12
ENST00000935110_9606	blood	CD4-positive, alpha-beta T cell	150	counts_mean	total RNA-seq	ENCFF937GQE	ENCSR140GZF	ENCODE	ENCFF937GQE.tsv	high	ENCODE	ENCODE:rolling	2026-04-12
ENST00000955597_9606	blood	CD4-positive, alpha-beta T cell	150	counts_mean	total RNA-seq	ENCFF937GQE	ENCSR140GZF	ENCODE	ENCFF937GQE.tsv	high	ENCODE	ENCODE:rolling	2026-04-12
ENST00000955598_9606	blood	CD4-positive, alpha-beta T cell	150	counts_mean	total RNA-seq	ENCFF937GQE	ENCSR140GZF	ENCODE	ENCFF937GQE.tsv	high	ENCODE	ENCODE:rolling	2026-04-12
ENST00000379407_9606	blood	CD4-positive, alpha-beta T cell	38.666667	counts_mean	total RNA-seq	ENCFF937GQE	ENCSR140GZF	ENCODE	ENCFF937GQE.tsv	medium	ENCODE	ENCODE:rolling	2026-04-12
ENST00000379409_9606	blood	CD4-positive, alpha-beta T cell	38.666667	counts_mean	total RNA-seq	ENCFF937GQE	ENCSR140GZF	ENCODE	ENCFF937GQE.tsv	medium	ENCODE	ENCODE:rolling	2026-04-12
ENST00000379410_9606	blood	CD4-positive, alpha-beta T cell	38.666667	counts_mean	total RNA-seq	ENCFF937GQE	ENCSR140GZF	ENCODE	ENCFF937GQE.tsv	medium	ENCODE	ENCODE:rolling	2026-04-12
ENST00000480267_9606	blood	CD4-positive, alpha-beta T cell	38.666667	counts_mean	total RNA-seq	ENCFF937GQE	ENCSR140GZF	ENCODE	ENCFF937GQE.tsv	medium	ENCODE	ENCODE:rolling	2026-04-12
ENST00000491024_9606	blood	CD4-positive, alpha-beta T cell	38.666667	counts_mean	total RNA-seq	ENCFF937GQE	ENCSR140GZF	ENCODE	ENCFF937GQE.tsv	medium	ENCODE	ENCODE:rolling	2026-04-12
ENST00000880608_9606	blood	CD4-positive, alpha-beta T cell	38.666667	counts_mean	total RNA-seq	ENCFF937GQE	ENCSR140GZF	ENCODE	ENCFF937GQE.tsv	medium	ENCODE	ENCODE:rolling	2026-04-12
ENST00000880609_9606	blood	CD4-positive, alpha-beta T cell	38.666667	counts_mean	total RNA-seq	ENCFF937GQE	ENCSR140GZF	ENCODE	ENCFF937GQE.tsv	medium	ENCODE	ENCODE:rolling	2026-04-12
ENST00000880610_9606	blood	CD4-positive, alpha-beta T cell	38.666667	counts_mean	total RNA-seq	ENCFF937GQE	ENCSR140GZF	ENCODE	ENCFF937GQE.tsv	medium	ENCODE	ENCODE:rolling	2026-04-12
ENST00000880611_9606	blood	CD4-positive, alpha-beta T cell	38.666667	counts_mean	total RNA-seq	ENCFF937GQE	ENCSR140GZF	ENCODE	ENCFF937GQE.tsv	medium	ENCODE	ENCODE:rolling	2026-04-12
ENST00000880612_9606	blood	CD4-positive, alpha-beta T cell	38.666667	counts_mean	total RNA-seq	ENCFF937GQE	ENCSR140GZF	ENCODE	ENCFF937GQE.tsv	medium	ENCODE	ENCODE:rolling	2026-04-12
ENST00000959612_9606	blood	CD4-positive, alpha-beta T cell	38.666667	counts_mean	total RNA-seq	ENCFF937GQE	ENCSR140GZF	ENCODE	ENCFF937GQE.tsv	medium	ENCODE	ENCODE:rolling	2026-04-12
ENST00000959613_9606	blood	CD4-positive, alpha-beta T cell	38.666667	counts_mean	total RNA-seq	ENCFF937GQE	ENCSR140GZF	ENCODE	ENCFF937GQE.tsv	medium	ENCODE	ENCODE:rolling	2026-04-12
ENST00000341290_9606	blood	CD4-positive, alpha-beta T cell	4	counts_mean	total RNA-seq	ENCFF937GQE	ENCSR140GZF	ENCODE	ENCFF937GQE.tsv	low	ENCODE	ENCODE:rolling	2026-04-12
ENST00000433179_9606	blood	CD4-positive, alpha-beta T cell	4	counts_mean	total RNA-seq	ENCFF937GQE	ENCSR140GZF	ENCODE	ENCFF937GQE.tsv	low	ENCODE	ENCODE:rolling	2026-04-12
ENST00000479361_9606	blood	CD4-positive, alpha-beta T cell	4	counts_mean	total RNA-seq	ENCFF937GQE	ENCSR140GZF	ENCODE	ENCFF937GQE.tsv	low	ENCODE	ENCODE:rolling	2026-04-12
ENST00000694917_9606	blood	CD4-positive, alpha-beta T cell	4	counts_mean	total RNA-seq	ENCFF937GQE	ENCSR140GZF	ENCODE	ENCFF937GQE.tsv	low	ENCODE	ENCODE:rolling	2026-04-12
ENST00000880867_9606	blood	CD4-positive, alpha-beta T cell	4	counts_mean	total RNA-seq	ENCFF937GQE	ENCSR140GZF	ENCODE	ENCFF937GQE.tsv	low	ENCODE	ENCODE:rolling	2026-04-12
ENST00000880868_9606	blood	CD4-positive, alpha-beta T cell	4	counts_mean	total RNA-seq	ENCFF937GQE	ENCSR140GZF	ENCODE	ENCFF937GQE.tsv	low	ENCODE	ENCODE:rolling	2026-04-12
ENST00000880869_9606	blood	CD4-positive, alpha-beta T cell	4	counts_mean	total RNA-seq	ENCFF937GQE	ENCSR140GZF	ENCODE	ENCFF937GQE.tsv	low	ENCODE	ENCODE:rolling	2026-04-12
ENST00000880870_9606	blood	CD4-positive, alpha-beta T cell	4	counts_mean	total RNA-seq	ENCFF937GQE	ENCSR140GZF	ENCODE	ENCFF937GQE.tsv	low	ENCODE	ENCODE:rolling	2026-04-12
ENST00000959770_9606	blood	CD4-positive, alpha-beta T cell	4	counts_mean	total RNA-seq	ENCFF937GQE	ENCSR140GZF	ENCODE	ENCFF937GQE.tsv	low	ENCODE	ENCODE:rolling	2026-04-12
ENST00000959771_9606	blood	CD4-positive, alpha-beta T cell	4	counts_mean	total RNA-seq	ENCFF937GQE	ENCSR140GZF	ENCODE	ENCFF937GQE.tsv	low	ENCODE	ENCODE:rolling	2026-04-12
ENST00000959772_9606	blood	CD4-positive, alpha-beta T cell	4	counts_mean	total RNA-seq	ENCFF937GQE	ENCSR140GZF	ENCODE	ENCFF937GQE.tsv	low	ENCODE	ENCODE:rolling	2026-04-12
ENST00000959773_9606	blood	CD4-positive, alpha-beta T cell	4	counts_mean	total RNA-seq	ENCFF937GQE	ENCSR140GZF	ENCODE	ENCFF937GQE.tsv	low	ENCODE	ENCODE:rolling	2026-04-12
ENST00000304952_9606	blood	CD4-positive, alpha-beta T cell	41.333333	counts_mean	total RNA-seq	ENCFF937GQE	ENCSR140GZF	ENCODE	ENCFF937GQE.tsv	medium	ENCODE	ENCODE:rolling	2026-04-12
ENST00000428771_9606	blood	CD4-positive, alpha-beta T cell	41.333333	counts_mean	total RNA-seq	ENCFF937GQE	ENCSR140GZF	ENCODE	ENCFF937GQE.tsv	medium	ENCODE	ENCODE:rolling	2026-04-12
ENST00000481869_9606	blood	CD4-positive, alpha-beta T cell	41.333333	counts_mean	total RNA-seq	ENCFF937GQE	ENCSR140GZF	ENCODE	ENCFF937GQE.tsv	medium	ENCODE	ENCODE:rolling	2026-04-12
ENST00000484667_9606	blood	CD4-positive, alpha-beta T cell	41.333333	counts_mean	total RNA-seq	ENCFF937GQE	ENCSR140GZF	ENCODE	ENCFF937GQE.tsv	medium	ENCODE	ENCODE:rolling	2026-04-12
ENST00000854802_9606	blood	CD4-positive, alpha-beta T cell	41.333333	counts_mean	total RNA-seq	ENCFF937GQE	ENCSR140GZF	ENCODE	ENCFF937GQE.tsv	medium	ENCODE	ENCODE:rolling	2026-04-12
ENST00000624652_9606	blood	CD4-positive, alpha-beta T cell	186	counts_mean	total RNA-seq	ENCFF937GQE	ENCSR140GZF	ENCODE	ENCFF937GQE.tsv	high	ENCODE	ENCODE:rolling	2026-04-12
ENST00000624697_9606	blood	CD4-positive, alpha-beta T cell	186	counts_mean	total RNA-seq	ENCFF937GQE	ENCSR140GZF	ENCODE	ENCFF937GQE.tsv	high	ENCODE	ENCODE:rolling	2026-04-12
ENST00000649529_9606	blood	CD4-positive, alpha-beta T cell	186	counts_mean	total RNA-seq	ENCFF937GQE	ENCSR140GZF	ENCODE	ENCFF937GQE.tsv	high	ENCODE	ENCODE:rolling	2026-04-12
ENST00000944242_9606	blood	CD4-positive, alpha-beta T cell	186	counts_mean	total RNA-seq	ENCFF937GQE	ENCSR140GZF	ENCODE	ENCFF937GQE.tsv	high	ENCODE	ENCODE:rolling	2026-04-12
ENST00000379370_9606	blood	CD4-positive, alpha-beta T cell	100.666667	counts_mean	total RNA-seq	ENCFF937GQE	ENCSR140GZF	ENCODE	ENCFF937GQE.tsv	high	ENCODE	ENCODE:rolling	2026-04-12
ENST00000461111_9606	blood	CD4-positive, alpha-beta T cell	100.666667	counts_mean	total RNA-seq	ENCFF937GQE	ENCSR140GZF	ENCODE	ENCFF937GQE.tsv	high	ENCODE	ENCODE:rolling	2026-04-12
ENST00000466223_9606	blood	CD4-positive, alpha-beta T cell	100.666667	counts_mean	total RNA-seq	ENCFF937GQE	ENCSR140GZF	ENCODE	ENCFF937GQE.tsv	high	ENCODE	ENCODE:rolling	2026-04-12
ENST00000469403_9606	blood	CD4-positive, alpha-beta T cell	100.666667	counts_mean	total RNA-seq	ENCFF937GQE	ENCSR140GZF	ENCODE	ENCFF937GQE.tsv	high	ENCODE	ENCODE:rolling	2026-04-12
ENST00000478677_9606	blood	CD4-positive, alpha-beta T cell	100.666667	counts_mean	total RNA-seq	ENCFF937GQE	ENCSR140GZF	ENCODE	ENCFF937GQE.tsv	high	ENCODE	ENCODE:rolling	2026-04-12
ENST00000479707_9606	blood	CD4-positive, alpha-beta T cell	100.666667	counts_mean	total RNA-seq	ENCFF937GQE	ENCSR140GZF	ENCODE	ENCFF937GQE.tsv	high	ENCODE	ENCODE:rolling	2026-04-12
ENST00000492947_9606	blood	CD4-positive, alpha-beta T cell	100.666667	counts_mean	total RNA-seq	ENCFF937GQE	ENCSR140GZF	ENCODE	ENCFF937GQE.tsv	high	ENCODE	ENCODE:rolling	2026-04-12
ENST00000620552_9606	blood	CD4-positive, alpha-beta T cell	100.666667	counts_mean	total RNA-seq	ENCFF937GQE	ENCSR140GZF	ENCODE	ENCFF937GQE.tsv	high	ENCODE	ENCODE:rolling	2026-04-12
ENST00000651234_9606	blood	CD4-positive, alpha-beta T cell	100.666667	counts_mean	total RNA-seq	ENCFF937GQE	ENCSR140GZF	ENCODE	ENCFF937GQE.tsv	high	ENCODE	ENCODE:rolling	2026-04-12
ENST00000652369_9606	blood	CD4-positive, alpha-beta T cell	100.666667	counts_mean	total RNA-seq	ENCFF937GQE	ENCSR140GZF	ENCODE	ENCFF937GQE.tsv	high	ENCODE	ENCODE:rolling	2026-04-12
ENST00000453464_9606	blood	CD4-positive, alpha-beta T cell	7.333333	counts_mean	total RNA-seq	ENCFF937GQE	ENCSR140GZF	ENCODE	ENCFF937GQE.tsv	low	ENCODE	ENCODE:rolling	2026-04-12
ENST00000379319_9606	blood	CD4-positive, alpha-beta T cell	260.666667	counts_mean	total RNA-seq	ENCFF937GQE	ENCSR140GZF	ENCODE	ENCFF937GQE.tsv	high	ENCODE	ENCODE:rolling	2026-04-12
ENST00000379320_9606	blood	CD4-positive, alpha-beta T cell	260.666667	counts_mean	total RNA-seq	ENCFF937GQE	ENCSR140GZF	ENCODE	ENCFF937GQE.tsv	high	ENCODE	ENCODE:rolling	2026-04-12
ENST00000379325_9606	blood	CD4-positive, alpha-beta T cell	260.666667	counts_mean	total RNA-seq	ENCFF937GQE	ENCSR140GZF	ENCODE	ENCFF937GQE.tsv	high	ENCODE	ENCODE:rolling	2026-04-12
ENST00000379339_9606	blood	CD4-positive, alpha-beta T cell	260.666667	counts_mean	total RNA-seq	ENCFF937GQE	ENCSR140GZF	ENCODE	ENCFF937GQE.tsv	high	ENCODE	ENCODE:rolling	2026-04-12
ENST00000421241_9606	blood	CD4-positive, alpha-beta T cell	260.666667	counts_mean	total RNA-seq	ENCFF937GQE	ENCSR140GZF	ENCODE	ENCFF937GQE.tsv	high	ENCODE	ENCODE:rolling	2026-04-12
ENST00000427787_9606	blood	CD4-positive, alpha-beta T cell	260.666667	counts_mean	total RNA-seq	ENCFF937GQE	ENCSR140GZF	ENCODE	ENCFF937GQE.tsv	high	ENCODE	ENCODE:rolling	2026-04-12
ENST00000434641_9606	blood	CD4-positive, alpha-beta T cell	260.666667	counts_mean	total RNA-seq	ENCFF937GQE	ENCSR140GZF	ENCODE	ENCFF937GQE.tsv	high	ENCODE	ENCODE:rolling	2026-04-12
ENST00000442117_9606	blood	CD4-positive, alpha-beta T cell	260.666667	counts_mean	total RNA-seq	ENCFF937GQE	ENCSR140GZF	ENCODE	ENCFF937GQE.tsv	high	ENCODE	ENCODE:rolling	2026-04-12
ENST00000462097_9606	blood	CD4-positive, alpha-beta T cell	260.666667	counts_mean	total RNA-seq	ENCFF937GQE	ENCSR140GZF	ENCODE	ENCFF937GQE.tsv	high	ENCODE	ENCODE:rolling	2026-04-12
ENST00000464905_9606	blood	CD4-positive, alpha-beta T cell	260.666667	counts_mean	total RNA-seq	ENCFF937GQE	ENCSR140GZF	ENCODE	ENCFF937GQE.tsv	high	ENCODE	ENCODE:rolling	2026-04-12
ENST00000465822_9606	blood	CD4-positive, alpha-beta T cell	260.666667	counts_mean	total RNA-seq	ENCFF937GQE	ENCSR140GZF	ENCODE	ENCFF937GQE.tsv	high	ENCODE	ENCODE:rolling	2026-04-12
ENST00000467751_9606	blood	CD4-positive, alpha-beta T cell	260.666667	counts_mean	total RNA-seq	ENCFF937GQE	ENCSR140GZF	ENCODE	ENCFF937GQE.tsv	high	ENCODE	ENCODE:rolling	2026-04-12
ENST00000472741_9606	blood	CD4-positive, alpha-beta T cell	260.666667	counts_mean	total RNA-seq	ENCFF937GQE	ENCSR140GZF	ENCODE	ENCFF937GQE.tsv	high	ENCODE	ENCODE:rolling	2026-04-12
ENST00000473600_9606	blood	CD4-positive, alpha-beta T cell	260.666667	counts_mean	total RNA-seq	ENCFF937GQE	ENCSR140GZF	ENCODE	ENCFF937GQE.tsv	high	ENCODE	ENCODE:rolling	2026-04-12
ENST00000475119_9606	blood	CD4-positive, alpha-beta T cell	260.666667	counts_mean	total RNA-seq	ENCFF937GQE	ENCSR140GZF	ENCODE	ENCFF937GQE.tsv	high	ENCODE	ENCODE:rolling	2026-04-12
ENST00000477196_9606	blood	CD4-positive, alpha-beta T cell	260.666667	counts_mean	total RNA-seq	ENCFF937GQE	ENCSR140GZF	ENCODE	ENCFF937GQE.tsv	high	ENCODE	ENCODE:rolling	2026-04-12
ENST00000480643_9606	blood	CD4-positive, alpha-beta T cell	260.666667	counts_mean	total RNA-seq	ENCFF937GQE	ENCSR140GZF	ENCODE	ENCFF937GQE.tsv	high	ENCODE	ENCODE:rolling	2026-04-12
ENST00000482816_9606	blood	CD4-positive, alpha-beta T cell	260.666667	counts_mean	total RNA-seq	ENCFF937GQE	ENCSR140GZF	ENCODE	ENCFF937GQE.tsv	high	ENCODE	ENCODE:rolling	2026-04-12
ENST00000487177_9606	blood	CD4-positive, alpha-beta T cell	260.666667	counts_mean	total RNA-seq	ENCFF937GQE	ENCSR140GZF	ENCODE	ENCFF937GQE.tsv	high	ENCODE	ENCODE:rolling	2026-04-12
ENST00000871969_9606	blood	CD4-positive, alpha-beta T cell	260.666667	counts_mean	total RNA-seq	ENCFF937GQE	ENCSR140GZF	ENCODE	ENCFF937GQE.tsv	high	ENCODE	ENCODE:rolling	2026-04-12
ENST00000871970_9606	blood	CD4-positive, alpha-beta T cell	260.666667	counts_mean	total RNA-seq	ENCFF937GQE	ENCSR140GZF	ENCODE	ENCFF937GQE.tsv	high	ENCODE	ENCODE:rolling	2026-04-12
ENST00000871971_9606	blood	CD4-positive, alpha-beta T cell	260.666667	counts_mean	total RNA-seq	ENCFF937GQE	ENCSR140GZF	ENCODE	ENCFF937GQE.tsv	high	ENCODE	ENCODE:rolling	2026-04-12
ENST00000871972_9606	blood	CD4-positive, alpha-beta T cell	260.666667	counts_mean	total RNA-seq	ENCFF937GQE	ENCSR140GZF	ENCODE	ENCFF937GQE.tsv	high	ENCODE	ENCODE:rolling	2026-04-12
ENST00000871973_9606	blood	CD4-positive, alpha-beta T cell	260.666667	counts_mean	total RNA-seq	ENCFF937GQE	ENCSR140GZF	ENCODE	ENCFF937GQE.tsv	high	ENCODE	ENCODE:rolling	2026-04-12
ENST00000871974_9606	blood	CD4-positive, alpha-beta T cell	260.666667	counts_mean	total RNA-seq	ENCFF937GQE	ENCSR140GZF	ENCODE	ENCFF937GQE.tsv	high	ENCODE	ENCODE:rolling	2026-04-12
ENST00000871975_9606	blood	CD4-positive, alpha-beta T cell	260.666667	counts_mean	total RNA-seq	ENCFF937GQE	ENCSR140GZF	ENCODE	ENCFF937GQE.tsv	high	ENCODE	ENCODE:rolling	2026-04-12
ENST00000871976_9606	blood	CD4-positive, alpha-beta T cell	260.666667	counts_mean	total RNA-seq	ENCFF937GQE	ENCSR140GZF	ENCODE	ENCFF937GQE.tsv	high	ENCODE	ENCODE:rolling	2026-04-12
ENST00000871977_9606	blood	CD4-positive, alpha-beta T cell	260.666667	counts_mean	total RNA-seq	ENCFF937GQE	ENCSR140GZF	ENCODE	ENCFF937GQE.tsv	high	ENCODE	ENCODE:rolling	2026-04-12
ENST00000871978_9606	blood	CD4-positive, alpha-beta T cell	260.666667	counts_mean	total RNA-seq	ENCFF937GQE	ENCSR140GZF	ENCODE	ENCFF937GQE.tsv	high	ENCODE	ENCODE:rolling	2026-04-12
ENST00000871979_9606	blood	CD4-positive, alpha-beta T cell	260.666667	counts_mean	total RNA-seq	ENCFF937GQE	ENCSR140GZF	ENCODE	ENCFF937GQE.tsv	high	ENCODE	ENCODE:rolling	2026-04-12
ENST00000871980_9606	blood	CD4-positive, alpha-beta T cell	260.666667	counts_mean	total RNA-seq	ENCFF937GQE	ENCSR140GZF	ENCODE	ENCFF937GQE.tsv	high	ENCODE	ENCODE:rolling	2026-04-12
ENST00000871981_9606	blood	CD4-positive, alpha-beta T cell	260.666667	counts_mean	total RNA-seq	ENCFF937GQE	ENCSR140GZF	ENCODE	ENCFF937GQE.tsv	high	ENCODE	ENCODE:rolling	2026-04-12
ENST00000871982_9606	blood	CD4-positive, alpha-beta T cell	260.666667	counts_mean	total RNA-seq	ENCFF937GQE	ENCSR140GZF	ENCODE	ENCFF937GQE.tsv	high	ENCODE	ENCODE:rolling	2026-04-12
ENST00000871983_9606	blood	CD4-positive, alpha-beta T cell	260.666667	counts_mean	total RNA-seq	ENCFF937GQE	ENCSR140GZF	ENCODE	ENCFF937GQE.tsv	high	ENCODE	ENCODE:rolling	2026-04-12
ENST00000871984_9606	blood	CD4-positive, alpha-beta T cell	260.666667	counts_mean	total RNA-seq	ENCFF937GQE	ENCSR140GZF	ENCODE	ENCFF937GQE.tsv	high	ENCODE	ENCODE:rolling	2026-04-12
ENST00000934528_9606	blood	CD4-positive, alpha-beta T cell	260.666667	counts_mean	total RNA-seq	ENCFF937GQE	ENCSR140GZF	ENCODE	ENCFF937GQE.tsv	high	ENCODE	ENCODE:rolling	2026-04-12
ENST00000934529_9606	blood	CD4-positive, alpha-beta T cell	260.666667	counts_mean	total RNA-seq	ENCFF937GQE	ENCSR140GZF	ENCODE	ENCFF937GQE.tsv	high	ENCODE	ENCODE:rolling	2026-04-12
ENST00000934530_9606	blood	CD4-positive, alpha-beta T cell	260.666667	counts_mean	total RNA-seq	ENCFF937GQE	ENCSR140GZF	ENCODE	ENCFF937GQE.tsv	high	ENCODE	ENCODE:rolling	2026-04-12
ENST00000934531_9606	blood	CD4-positive, alpha-beta T cell	260.666667	counts_mean	total RNA-seq	ENCFF937GQE	ENCSR140GZF	ENCODE	ENCFF937GQE.tsv	high	ENCODE	ENCODE:rolling	2026-04-12
ENST00000934532_9606	blood	CD4-positive, alpha-beta T cell	260.666667	counts_mean	total RNA-seq	ENCFF937GQE	ENCSR140GZF	ENCODE	ENCFF937GQE.tsv	high	ENCODE	ENCODE:rolling	2026-04-12
ENST00000934533_9606	blood	CD4-positive, alpha-beta T cell	260.666667	counts_mean	total RNA-seq	ENCFF937GQE	ENCSR140GZF	ENCODE	ENCFF937GQE.tsv	high	ENCODE	ENCODE:rolling	2026-04-12
ENST00000934534_9606	blood	CD4-positive, alpha-beta T cell	260.666667	counts_mean	total RNA-seq	ENCFF937GQE	ENCSR140GZF	ENCODE	ENCFF937GQE.tsv	high	ENCODE	ENCODE:rolling	2026-04-12
ENST00000934535_9606	blood	CD4-positive, alpha-beta T cell	260.666667	counts_mean	total RNA-seq	ENCFF937GQE	ENCSR140GZF	ENCODE	ENCFF937GQE.tsv	high	ENCODE	ENCODE:rolling	2026-04-12
ENST00000934536_9606	blood	CD4-positive, alpha-beta T cell	260.666667	counts_mean	total RNA-seq	ENCFF937GQE	ENCSR140GZF	ENCODE	ENCFF937GQE.tsv	high	ENCODE	ENCODE:rolling	2026-04-12
ENST00000962840_9606	blood	CD4-positive, alpha-beta T cell	260.666667	counts_mean	total RNA-seq	ENCFF937GQE	ENCSR140GZF	ENCODE	ENCFF937GQE.tsv	high	ENCODE	ENCODE:rolling	2026-04-12
ENST00000962841_9606	blood	CD4-positive, alpha-beta T cell	260.666667	counts_mean	total RNA-seq	ENCFF937GQE	ENCSR140GZF	ENCODE	ENCFF937GQE.tsv	high	ENCODE	ENCODE:rolling	2026-04-12
ENST00000962842_9606	blood	CD4-positive, alpha-beta T cell	260.666667	counts_mean	total RNA-seq	ENCFF937GQE	ENCSR140GZF	ENCODE	ENCFF937GQE.tsv	high	ENCODE	ENCODE:rolling	2026-04-12
ENST00000962843_9606	blood	CD4-positive, alpha-beta T cell	260.666667	counts_mean	total RNA-seq	ENCFF937GQE	ENCSR140GZF	ENCODE	ENCFF937GQE.tsv	high	ENCODE	ENCODE:rolling	2026-04-12
ENST00000962844_9606	blood	CD4-positive, alpha-beta T cell	260.666667	counts_mean	total RNA-seq	ENCFF937GQE	ENCSR140GZF	ENCODE	ENCFF937GQE.tsv	high	ENCODE	ENCODE:rolling	2026-04-12
ENST00000962845_9606	blood	CD4-positive, alpha-beta T cell	260.666667	counts_mean	total RNA-seq	ENCFF937GQE	ENCSR140GZF	ENCODE	ENCFF937GQE.tsv	high	ENCODE	ENCODE:rolling	2026-04-12
ENST00000962846_9606	blood	CD4-positive, alpha-beta T cell	260.666667	counts_mean	total RNA-seq	ENCFF937GQE	ENCSR140GZF	ENCODE	ENCFF937GQE.tsv	high	ENCODE	ENCODE:rolling	2026-04-12
ENST00000962847_9606	blood	CD4-positive, alpha-beta T cell	260.666667	counts_mean	total RNA-seq	ENCFF937GQE	ENCSR140GZF	ENCODE	ENCFF937GQE.tsv	high	ENCODE	ENCODE:rolling	2026-04-12
ENST00000962848_9606	blood	CD4-positive, alpha-beta T cell	260.666667	counts_mean	total RNA-seq	ENCFF937GQE	ENCSR140GZF	ENCODE	ENCFF937GQE.tsv	high	ENCODE	ENCODE:rolling	2026-04-12
ENST00000962849_9606	blood	CD4-positive, alpha-beta T cell	260.666667	counts_mean	total RNA-seq	ENCFF937GQE	ENCSR140GZF	ENCODE	ENCFF937GQE.tsv	high	ENCODE	ENCODE:rolling	2026-04-12
ENST00000379288_9606	blood	CD4-positive, alpha-beta T cell	2	counts_mean	total RNA-seq	ENCFF937GQE	ENCSR140GZF	ENCODE	ENCFF937GQE.tsv	low	ENCODE	ENCODE:rolling	2026-04-12
ENST00000379289_9606	blood	CD4-positive, alpha-beta T cell	2	counts_mean	total RNA-seq	ENCFF937GQE	ENCSR140GZF	ENCODE	ENCFF937GQE.tsv	low	ENCODE	ENCODE:rolling	2026-04-12
ENST00000379290_9606	blood	CD4-positive, alpha-beta T cell	2	counts_mean	total RNA-seq	ENCFF937GQE	ENCSR140GZF	ENCODE	ENCFF937GQE.tsv	low	ENCODE	ENCODE:rolling	2026-04-12
ENST00000460998_9606	blood	CD4-positive, alpha-beta T cell	2	counts_mean	total RNA-seq	ENCFF937GQE	ENCSR140GZF	ENCODE	ENCFF937GQE.tsv	low	ENCODE	ENCODE:rolling	2026-04-12
