rna_id	rbp_symbol	biosample_cell_type	assay	peak_count	score	evalue	sample_id	experiment_id	source_dataset	source_file	evidence_level	source	source_version	fetch_date
ENST00000000442_9606	TARDBP	K562	eCLIP	4	6.209095	-1	ENCFF593RED	ENCSR720BJU	ENCODE	ENCFF593RED.bed.gz	medium	ENCODE	ENCODE:rolling	2026-04-12
ENST00000006275_9606	TARDBP	K562	eCLIP	1	4.972554	-1	ENCFF593RED	ENCSR720BJU	ENCODE	ENCFF593RED.bed.gz	low	ENCODE	ENCODE:rolling	2026-04-12
ENST00000011619_9606	TARDBP	K562	eCLIP	1	4.845936	-1	ENCFF593RED	ENCSR720BJU	ENCODE	ENCFF593RED.bed.gz	low	ENCODE	ENCODE:rolling	2026-04-12
ENST00000025301_9606	TARDBP	K562	eCLIP	1	4.133857	-1	ENCFF593RED	ENCSR720BJU	ENCODE	ENCFF593RED.bed.gz	low	ENCODE	ENCODE:rolling	2026-04-12
ENST00000026218_9606	TARDBP	K562	eCLIP	8	9.156562	-1	ENCFF593RED	ENCSR720BJU	ENCODE	ENCFF593RED.bed.gz	medium	ENCODE	ENCODE:rolling	2026-04-12
ENST00000028008_9606	TARDBP	K562	eCLIP	9	7.542384	-1	ENCFF593RED	ENCSR720BJU	ENCODE	ENCFF593RED.bed.gz	medium	ENCODE	ENCODE:rolling	2026-04-12
ENST00000040877_9606	TARDBP	K562	eCLIP	1	3.606046	-1	ENCFF593RED	ENCSR720BJU	ENCODE	ENCFF593RED.bed.gz	low	ENCODE	ENCODE:rolling	2026-04-12
ENST00000046640_9606	TARDBP	K562	eCLIP	1	5.124133	-1	ENCFF593RED	ENCSR720BJU	ENCODE	ENCFF593RED.bed.gz	low	ENCODE	ENCODE:rolling	2026-04-12
ENST00000064780_9606	TARDBP	K562	eCLIP	2	4.856467	-1	ENCFF593RED	ENCSR720BJU	ENCODE	ENCFF593RED.bed.gz	low	ENCODE	ENCODE:rolling	2026-04-12
ENST00000080059_9606	TARDBP	K562	eCLIP	6	7.638228	-1	ENCFF593RED	ENCSR720BJU	ENCODE	ENCFF593RED.bed.gz	medium	ENCODE	ENCODE:rolling	2026-04-12
ENST00000156084_9606	TARDBP	K562	eCLIP	2	6.018923	-1	ENCFF593RED	ENCSR720BJU	ENCODE	ENCFF593RED.bed.gz	low	ENCODE	ENCODE:rolling	2026-04-12
ENST00000159111_9606	TARDBP	K562	eCLIP	11	6.145122	-1	ENCFF593RED	ENCSR720BJU	ENCODE	ENCFF593RED.bed.gz	high	ENCODE	ENCODE:rolling	2026-04-12
ENST00000159647_9606	TARDBP	K562	eCLIP	1	5.046986	-1	ENCFF593RED	ENCSR720BJU	ENCODE	ENCFF593RED.bed.gz	low	ENCODE	ENCODE:rolling	2026-04-12
ENST00000162330_9606	TARDBP	K562	eCLIP	3	5.392159	-1	ENCFF593RED	ENCSR720BJU	ENCODE	ENCFF593RED.bed.gz	medium	ENCODE	ENCODE:rolling	2026-04-12
ENST00000169298_9606	TARDBP	K562	eCLIP	2	4.594686	-1	ENCFF593RED	ENCSR720BJU	ENCODE	ENCFF593RED.bed.gz	low	ENCODE	ENCODE:rolling	2026-04-12
ENST00000171887_9606	TARDBP	K562	eCLIP	6	6.771102	-1	ENCFF593RED	ENCSR720BJU	ENCODE	ENCFF593RED.bed.gz	medium	ENCODE	ENCODE:rolling	2026-04-12
ENST00000181839_9606	TARDBP	K562	eCLIP	1	4.284272	-1	ENCFF593RED	ENCSR720BJU	ENCODE	ENCFF593RED.bed.gz	low	ENCODE	ENCODE:rolling	2026-04-12
ENST00000182290_9606	TARDBP	K562	eCLIP	1	5.98786	-1	ENCFF593RED	ENCSR720BJU	ENCODE	ENCFF593RED.bed.gz	low	ENCODE	ENCODE:rolling	2026-04-12
ENST00000190611_9606	TARDBP	K562	eCLIP	1	4.998364	-1	ENCFF593RED	ENCSR720BJU	ENCODE	ENCFF593RED.bed.gz	low	ENCODE	ENCODE:rolling	2026-04-12
ENST00000193403_9606	TARDBP	K562	eCLIP	4	5.807819	-1	ENCFF593RED	ENCSR720BJU	ENCODE	ENCFF593RED.bed.gz	medium	ENCODE	ENCODE:rolling	2026-04-12
ENST00000199389_9606	TARDBP	K562	eCLIP	1	4.107454	-1	ENCFF593RED	ENCSR720BJU	ENCODE	ENCFF593RED.bed.gz	low	ENCODE	ENCODE:rolling	2026-04-12
ENST00000200639_9606	TARDBP	K562	eCLIP	2	5.25565	-1	ENCFF593RED	ENCSR720BJU	ENCODE	ENCFF593RED.bed.gz	low	ENCODE	ENCODE:rolling	2026-04-12
ENST00000201961_9606	TARDBP	K562	eCLIP	10	6.473242	-1	ENCFF593RED	ENCSR720BJU	ENCODE	ENCFF593RED.bed.gz	high	ENCODE	ENCODE:rolling	2026-04-12
ENST00000202028_9606	TARDBP	K562	eCLIP	1	4.027221	-1	ENCFF593RED	ENCSR720BJU	ENCODE	ENCFF593RED.bed.gz	low	ENCODE	ENCODE:rolling	2026-04-12
ENST00000202831_9606	TARDBP	K562	eCLIP	1	4.603223	-1	ENCFF593RED	ENCSR720BJU	ENCODE	ENCFF593RED.bed.gz	low	ENCODE	ENCODE:rolling	2026-04-12
ENST00000202834_9606	TARDBP	K562	eCLIP	1	3.824402	-1	ENCFF593RED	ENCSR720BJU	ENCODE	ENCFF593RED.bed.gz	low	ENCODE	ENCODE:rolling	2026-04-12
ENST00000204005_9606	TARDBP	K562	eCLIP	1	6.049561	-1	ENCFF593RED	ENCSR720BJU	ENCODE	ENCFF593RED.bed.gz	low	ENCODE	ENCODE:rolling	2026-04-12
ENST00000204566_9606	TARDBP	K562	eCLIP	2	5.593612	-1	ENCFF593RED	ENCSR720BJU	ENCODE	ENCFF593RED.bed.gz	low	ENCODE	ENCODE:rolling	2026-04-12
ENST00000204679_9606	TARDBP	K562	eCLIP	1	3.179224	-1	ENCFF593RED	ENCSR720BJU	ENCODE	ENCFF593RED.bed.gz	low	ENCODE	ENCODE:rolling	2026-04-12
ENST00000204726_9606	TARDBP	K562	eCLIP	12	8.04831	-1	ENCFF593RED	ENCSR720BJU	ENCODE	ENCFF593RED.bed.gz	high	ENCODE	ENCODE:rolling	2026-04-12
ENST00000205061_9606	TARDBP	K562	eCLIP	1	3.83371	-1	ENCFF593RED	ENCSR720BJU	ENCODE	ENCFF593RED.bed.gz	low	ENCODE	ENCODE:rolling	2026-04-12
ENST00000206020_9606	TARDBP	K562	eCLIP	1	4.463169	-1	ENCFF593RED	ENCSR720BJU	ENCODE	ENCFF593RED.bed.gz	low	ENCODE	ENCODE:rolling	2026-04-12
ENST00000207636_9606	TARDBP	K562	eCLIP	1	4.851973	-1	ENCFF593RED	ENCSR720BJU	ENCODE	ENCFF593RED.bed.gz	low	ENCODE	ENCODE:rolling	2026-04-12
ENST00000209875_9606	TARDBP	K562	eCLIP	1	3.890024	-1	ENCFF593RED	ENCSR720BJU	ENCODE	ENCFF593RED.bed.gz	low	ENCODE	ENCODE:rolling	2026-04-12
ENST00000210227_9606	TARDBP	K562	eCLIP	1	3.856467	-1	ENCFF593RED	ENCSR720BJU	ENCODE	ENCFF593RED.bed.gz	low	ENCODE	ENCODE:rolling	2026-04-12
ENST00000211379_9606	TARDBP	K562	eCLIP	1	5.619333	-1	ENCFF593RED	ENCSR720BJU	ENCODE	ENCFF593RED.bed.gz	low	ENCODE	ENCODE:rolling	2026-04-12
ENST00000211998_9606	TARDBP	K562	eCLIP	2	4.314972	-1	ENCFF593RED	ENCSR720BJU	ENCODE	ENCFF593RED.bed.gz	low	ENCODE	ENCODE:rolling	2026-04-12
ENST00000212355_9606	TARDBP	K562	eCLIP	1	4.25565	-1	ENCFF593RED	ENCSR720BJU	ENCODE	ENCFF593RED.bed.gz	low	ENCODE	ENCODE:rolling	2026-04-12
ENST00000215095_9606	TARDBP	K562	eCLIP	1	4.409711	-1	ENCFF593RED	ENCSR720BJU	ENCODE	ENCFF593RED.bed.gz	low	ENCODE	ENCODE:rolling	2026-04-12
ENST00000215574_9606	TARDBP	K562	eCLIP	2	5.966382	-1	ENCFF593RED	ENCSR720BJU	ENCODE	ENCFF593RED.bed.gz	low	ENCODE	ENCODE:rolling	2026-04-12
ENST00000215829_9606	TARDBP	K562	eCLIP	1	4.081689	-1	ENCFF593RED	ENCSR720BJU	ENCODE	ENCFF593RED.bed.gz	low	ENCODE	ENCODE:rolling	2026-04-12
ENST00000215832_9606	TARDBP	K562	eCLIP	2	5.553266	-1	ENCFF593RED	ENCSR720BJU	ENCODE	ENCFF593RED.bed.gz	low	ENCODE	ENCODE:rolling	2026-04-12
ENST00000216044_9606	TARDBP	K562	eCLIP	1	6.309277	-1	ENCFF593RED	ENCSR720BJU	ENCODE	ENCFF593RED.bed.gz	low	ENCODE	ENCODE:rolling	2026-04-12
ENST00000216061_9606	TARDBP	K562	eCLIP	2	6.469741	-1	ENCFF593RED	ENCSR720BJU	ENCODE	ENCFF593RED.bed.gz	low	ENCODE	ENCODE:rolling	2026-04-12
ENST00000216181_9606	TARDBP	K562	eCLIP	3	5.648948	-1	ENCFF593RED	ENCSR720BJU	ENCODE	ENCFF593RED.bed.gz	medium	ENCODE	ENCODE:rolling	2026-04-12
ENST00000216214_9606	TARDBP	K562	eCLIP	1	4.805418	-1	ENCFF593RED	ENCSR720BJU	ENCODE	ENCFF593RED.bed.gz	low	ENCODE	ENCODE:rolling	2026-04-12
ENST00000216225_9606	TARDBP	K562	eCLIP	1	3.805418	-1	ENCFF593RED	ENCSR720BJU	ENCODE	ENCFF593RED.bed.gz	low	ENCODE	ENCODE:rolling	2026-04-12
ENST00000216288_9606	TARDBP	K562	eCLIP	3	5.066223	-1	ENCFF593RED	ENCSR720BJU	ENCODE	ENCFF593RED.bed.gz	medium	ENCODE	ENCODE:rolling	2026-04-12
ENST00000216463_9606	TARDBP	K562	eCLIP	1	3.978463	-1	ENCFF593RED	ENCSR720BJU	ENCODE	ENCFF593RED.bed.gz	low	ENCODE	ENCODE:rolling	2026-04-12
ENST00000216484_9606	TARDBP	K562	eCLIP	1	3.978463	-1	ENCFF593RED	ENCSR720BJU	ENCODE	ENCFF593RED.bed.gz	low	ENCODE	ENCODE:rolling	2026-04-12
ENST00000216639_9606	TARDBP	K562	eCLIP	1	4.916614	-1	ENCFF593RED	ENCSR720BJU	ENCODE	ENCFF593RED.bed.gz	low	ENCODE	ENCODE:rolling	2026-04-12
ENST00000216877_9606	TARDBP	K562	eCLIP	1	4.083144	-1	ENCFF593RED	ENCSR720BJU	ENCODE	ENCFF593RED.bed.gz	low	ENCODE	ENCODE:rolling	2026-04-12
ENST00000217026_9606	TARDBP	K562	eCLIP	1	4.98349	-1	ENCFF593RED	ENCSR720BJU	ENCODE	ENCFF593RED.bed.gz	low	ENCODE	ENCODE:rolling	2026-04-12
ENST00000217162_9606	TARDBP	K562	eCLIP	3	4.515337	-1	ENCFF593RED	ENCSR720BJU	ENCODE	ENCFF593RED.bed.gz	medium	ENCODE	ENCODE:rolling	2026-04-12
ENST00000217233_9606	TARDBP	K562	eCLIP	1	5.633518	-1	ENCFF593RED	ENCSR720BJU	ENCODE	ENCFF593RED.bed.gz	low	ENCODE	ENCODE:rolling	2026-04-12
ENST00000217315_9606	TARDBP	K562	eCLIP	1	3.607454	-1	ENCFF593RED	ENCSR720BJU	ENCODE	ENCFF593RED.bed.gz	low	ENCODE	ENCODE:rolling	2026-04-12
ENST00000217446_9606	TARDBP	K562	eCLIP	3	5.124133	-1	ENCFF593RED	ENCSR720BJU	ENCODE	ENCFF593RED.bed.gz	medium	ENCODE	ENCODE:rolling	2026-04-12
ENST00000217901_9606	TARDBP	K562	eCLIP	1	4.152425	-1	ENCFF593RED	ENCSR720BJU	ENCODE	ENCFF593RED.bed.gz	low	ENCODE	ENCODE:rolling	2026-04-12
ENST00000217971_9606	TARDBP	K562	eCLIP	1	4.436935	-1	ENCFF593RED	ENCSR720BJU	ENCODE	ENCFF593RED.bed.gz	low	ENCODE	ENCODE:rolling	2026-04-12
ENST00000219439_9606	TARDBP	K562	eCLIP	1	4.522491	-1	ENCFF593RED	ENCSR720BJU	ENCODE	ENCFF593RED.bed.gz	low	ENCODE	ENCODE:rolling	2026-04-12
ENST00000219473_9606	TARDBP	K562	eCLIP	4	4.720456	-1	ENCFF593RED	ENCSR720BJU	ENCODE	ENCFF593RED.bed.gz	medium	ENCODE	ENCODE:rolling	2026-04-12
ENST00000219476_9606	TARDBP	K562	eCLIP	1	4.010528	-1	ENCFF593RED	ENCSR720BJU	ENCODE	ENCFF593RED.bed.gz	low	ENCODE	ENCODE:rolling	2026-04-12
ENST00000219797_9606	TARDBP	K562	eCLIP	1	4.478463	-1	ENCFF593RED	ENCSR720BJU	ENCODE	ENCFF593RED.bed.gz	low	ENCODE	ENCODE:rolling	2026-04-12
ENST00000220592_9606	TARDBP	K562	eCLIP	3	7.49775	-1	ENCFF593RED	ENCSR720BJU	ENCODE	ENCFF593RED.bed.gz	medium	ENCODE	ENCODE:rolling	2026-04-12
ENST00000220849_9606	TARDBP	K562	eCLIP	1	6.339467	-1	ENCFF593RED	ENCSR720BJU	ENCODE	ENCFF593RED.bed.gz	low	ENCODE	ENCODE:rolling	2026-04-12
ENST00000220959_9606	TARDBP	K562	eCLIP	1	4.699413	-1	ENCFF593RED	ENCSR720BJU	ENCODE	ENCFF593RED.bed.gz	low	ENCODE	ENCODE:rolling	2026-04-12
ENST00000221283_9606	TARDBP	K562	eCLIP	12	8.54315	-1	ENCFF593RED	ENCSR720BJU	ENCODE	ENCFF593RED.bed.gz	high	ENCODE	ENCODE:rolling	2026-04-12
ENST00000221448_9606	TARDBP	K562	eCLIP	3	3.963169	-1	ENCFF593RED	ENCSR720BJU	ENCODE	ENCFF593RED.bed.gz	medium	ENCODE	ENCODE:rolling	2026-04-12
ENST00000221455_9606	TARDBP	K562	eCLIP	2	5.329071	-1	ENCFF593RED	ENCSR720BJU	ENCODE	ENCFF593RED.bed.gz	low	ENCODE	ENCODE:rolling	2026-04-12
ENST00000221494_9606	TARDBP	K562	eCLIP	1	3.792479	-1	ENCFF593RED	ENCSR720BJU	ENCODE	ENCFF593RED.bed.gz	low	ENCODE	ENCODE:rolling	2026-04-12
ENST00000221922_9606	TARDBP	K562	eCLIP	2	8.187992	-1	ENCFF593RED	ENCSR720BJU	ENCODE	ENCFF593RED.bed.gz	low	ENCODE	ENCODE:rolling	2026-04-12
ENST00000222644_9606	TARDBP	K562	eCLIP	1	4.598967	-1	ENCFF593RED	ENCSR720BJU	ENCODE	ENCFF593RED.bed.gz	low	ENCODE	ENCODE:rolling	2026-04-12
ENST00000223051_9606	TARDBP	K562	eCLIP	1	5.485366	-1	ENCFF593RED	ENCSR720BJU	ENCODE	ENCFF593RED.bed.gz	low	ENCODE	ENCODE:rolling	2026-04-12
ENST00000223865_9606	TARDBP	K562	eCLIP	1	5.36291	-1	ENCFF593RED	ENCSR720BJU	ENCODE	ENCFF593RED.bed.gz	low	ENCODE	ENCODE:rolling	2026-04-12
ENST00000225298_9606	TARDBP	K562	eCLIP	1	4.20404	-1	ENCFF593RED	ENCSR720BJU	ENCODE	ENCFF593RED.bed.gz	low	ENCODE	ENCODE:rolling	2026-04-12
ENST00000225388_9606	TARDBP	K562	eCLIP	3	4.321272	-1	ENCFF593RED	ENCSR720BJU	ENCODE	ENCFF593RED.bed.gz	medium	ENCODE	ENCODE:rolling	2026-04-12
ENST00000225577_9606	TARDBP	K562	eCLIP	1	5.327518	-1	ENCFF593RED	ENCSR720BJU	ENCODE	ENCFF593RED.bed.gz	low	ENCODE	ENCODE:rolling	2026-04-12
ENST00000225696_9606	TARDBP	K562	eCLIP	1	4.720456	-1	ENCFF593RED	ENCSR720BJU	ENCODE	ENCFF593RED.bed.gz	low	ENCODE	ENCODE:rolling	2026-04-12
ENST00000225726_9606	TARDBP	K562	eCLIP	1	5.03659	-1	ENCFF593RED	ENCSR720BJU	ENCODE	ENCFF593RED.bed.gz	low	ENCODE	ENCODE:rolling	2026-04-12
ENST00000225777_9606	TARDBP	K562	eCLIP	1	4.335762	-1	ENCFF593RED	ENCSR720BJU	ENCODE	ENCFF593RED.bed.gz	low	ENCODE	ENCODE:rolling	2026-04-12
ENST00000226319_9606	TARDBP	K562	eCLIP	6	6.41248	-1	ENCFF593RED	ENCSR720BJU	ENCODE	ENCFF593RED.bed.gz	medium	ENCODE	ENCODE:rolling	2026-04-12
ENST00000227163_9606	TARDBP	K562	eCLIP	13	7.310609	-1	ENCFF593RED	ENCSR720BJU	ENCODE	ENCFF593RED.bed.gz	high	ENCODE	ENCODE:rolling	2026-04-12
ENST00000227471_9606	TARDBP	K562	eCLIP	1	4.041229	-1	ENCFF593RED	ENCSR720BJU	ENCODE	ENCFF593RED.bed.gz	low	ENCODE	ENCODE:rolling	2026-04-12
ENST00000227503_9606	TARDBP	K562	eCLIP	4	5.307019	-1	ENCFF593RED	ENCSR720BJU	ENCODE	ENCFF593RED.bed.gz	medium	ENCODE	ENCODE:rolling	2026-04-12
ENST00000227868_9606	TARDBP	K562	eCLIP	1	4.041229	-1	ENCFF593RED	ENCSR720BJU	ENCODE	ENCFF593RED.bed.gz	low	ENCODE	ENCODE:rolling	2026-04-12
ENST00000228307_9606	TARDBP	K562	eCLIP	1	4.094686	-1	ENCFF593RED	ENCSR720BJU	ENCODE	ENCFF593RED.bed.gz	low	ENCODE	ENCODE:rolling	2026-04-12
ENST00000228506_9606	TARDBP	K562	eCLIP	1	5.566223	-1	ENCFF593RED	ENCSR720BJU	ENCODE	ENCFF593RED.bed.gz	low	ENCODE	ENCODE:rolling	2026-04-12
ENST00000228955_9606	TARDBP	K562	eCLIP	3	5.352724	-1	ENCFF593RED	ENCSR720BJU	ENCODE	ENCFF593RED.bed.gz	medium	ENCODE	ENCODE:rolling	2026-04-12
ENST00000229264_9606	TARDBP	K562	eCLIP	1	4.745271	-1	ENCFF593RED	ENCSR720BJU	ENCODE	ENCFF593RED.bed.gz	low	ENCODE	ENCODE:rolling	2026-04-12
ENST00000229570_9606	TARDBP	K562	eCLIP	1	4.679649	-1	ENCFF593RED	ENCSR720BJU	ENCODE	ENCFF593RED.bed.gz	low	ENCODE	ENCODE:rolling	2026-04-12
ENST00000229794_9606	TARDBP	K562	eCLIP	2	6.0987	-1	ENCFF593RED	ENCSR720BJU	ENCODE	ENCFF593RED.bed.gz	low	ENCODE	ENCODE:rolling	2026-04-12
ENST00000229795_9606	TARDBP	K562	eCLIP	2	6.0987	-1	ENCFF593RED	ENCSR720BJU	ENCODE	ENCFF593RED.bed.gz	low	ENCODE	ENCODE:rolling	2026-04-12
ENST00000229812_9606	TARDBP	K562	eCLIP	1	4.48349	-1	ENCFF593RED	ENCSR720BJU	ENCODE	ENCFF593RED.bed.gz	low	ENCODE	ENCODE:rolling	2026-04-12
ENST00000230449_9606	TARDBP	K562	eCLIP	2	5.688185	-1	ENCFF593RED	ENCSR720BJU	ENCODE	ENCFF593RED.bed.gz	low	ENCODE	ENCODE:rolling	2026-04-12
ENST00000230510_9606	TARDBP	K562	eCLIP	1	3.975936	-1	ENCFF593RED	ENCSR720BJU	ENCODE	ENCFF593RED.bed.gz	low	ENCODE	ENCODE:rolling	2026-04-12
ENST00000230640_9606	TARDBP	K562	eCLIP	1	5.426169	-1	ENCFF593RED	ENCSR720BJU	ENCODE	ENCFF593RED.bed.gz	low	ENCODE	ENCODE:rolling	2026-04-12
ENST00000230859_9606	TARDBP	K562	eCLIP	1	4.302205	-1	ENCFF593RED	ENCSR720BJU	ENCODE	ENCFF593RED.bed.gz	low	ENCODE	ENCODE:rolling	2026-04-12
ENST00000230895_9606	TARDBP	K562	eCLIP	4	5.23474	-1	ENCFF593RED	ENCSR720BJU	ENCODE	ENCFF593RED.bed.gz	medium	ENCODE	ENCODE:rolling	2026-04-12
ENST00000230901_9606	TARDBP	K562	eCLIP	1	3.975936	-1	ENCFF593RED	ENCSR720BJU	ENCODE	ENCFF593RED.bed.gz	low	ENCODE	ENCODE:rolling	2026-04-12
ENST00000231368_9606	TARDBP	K562	eCLIP	1	5.413171	-1	ENCFF593RED	ENCSR720BJU	ENCODE	ENCFF593RED.bed.gz	low	ENCODE	ENCODE:rolling	2026-04-12
ENST00000232458_9606	TARDBP	K562	eCLIP	1	4.191009	-1	ENCFF593RED	ENCSR720BJU	ENCODE	ENCFF593RED.bed.gz	low	ENCODE	ENCODE:rolling	2026-04-12
ENST00000232607_9606	TARDBP	K562	eCLIP	1	5.61166	-1	ENCFF593RED	ENCSR720BJU	ENCODE	ENCFF593RED.bed.gz	low	ENCODE	ENCODE:rolling	2026-04-12
ENST00000232978_9606	TARDBP	K562	eCLIP	1	4.169136	-1	ENCFF593RED	ENCSR720BJU	ENCODE	ENCFF593RED.bed.gz	low	ENCODE	ENCODE:rolling	2026-04-12
ENST00000233078_9606	TARDBP	K562	eCLIP	9	6.105341	-1	ENCFF593RED	ENCSR720BJU	ENCODE	ENCFF593RED.bed.gz	medium	ENCODE	ENCODE:rolling	2026-04-12
ENST00000233121_9606	TARDBP	K562	eCLIP	1	4.205882	-1	ENCFF593RED	ENCSR720BJU	ENCODE	ENCFF593RED.bed.gz	low	ENCODE	ENCODE:rolling	2026-04-12
ENST00000233336_9606	TARDBP	K562	eCLIP	1	4.548131	-1	ENCFF593RED	ENCSR720BJU	ENCODE	ENCFF593RED.bed.gz	low	ENCODE	ENCODE:rolling	2026-04-12
ENST00000233596_9606	TARDBP	K562	eCLIP	1	6.299281	-1	ENCFF593RED	ENCSR720BJU	ENCODE	ENCFF593RED.bed.gz	low	ENCODE	ENCODE:rolling	2026-04-12
ENST00000234038_9606	TARDBP	K562	eCLIP	1	4.031921	-1	ENCFF593RED	ENCSR720BJU	ENCODE	ENCFF593RED.bed.gz	low	ENCODE	ENCODE:rolling	2026-04-12
ENST00000234453_9606	TARDBP	K562	eCLIP	2	4.541229	-1	ENCFF593RED	ENCSR720BJU	ENCODE	ENCFF593RED.bed.gz	low	ENCODE	ENCODE:rolling	2026-04-12
ENST00000234590_9606	TARDBP	K562	eCLIP	1	3.594686	-1	ENCFF593RED	ENCSR720BJU	ENCODE	ENCFF593RED.bed.gz	low	ENCODE	ENCODE:rolling	2026-04-12
ENST00000234875_9606	TARDBP	K562	eCLIP	1	3.302205	-1	ENCFF593RED	ENCSR720BJU	ENCODE	ENCFF593RED.bed.gz	low	ENCODE	ENCODE:rolling	2026-04-12
ENST00000235090_9606	TARDBP	K562	eCLIP	1	3.163438	-1	ENCFF593RED	ENCSR720BJU	ENCODE	ENCFF593RED.bed.gz	low	ENCODE	ENCODE:rolling	2026-04-12
ENST00000235372_9606	TARDBP	K562	eCLIP	1	4.475936	-1	ENCFF593RED	ENCSR720BJU	ENCODE	ENCFF593RED.bed.gz	low	ENCODE	ENCODE:rolling	2026-04-12
ENST00000235453_9606	TARDBP	K562	eCLIP	1	4.022491	-1	ENCFF593RED	ENCSR720BJU	ENCODE	ENCFF593RED.bed.gz	low	ENCODE	ENCODE:rolling	2026-04-12
ENST00000236067_9606	TARDBP	K562	eCLIP	2	4.510528	-1	ENCFF593RED	ENCSR720BJU	ENCODE	ENCFF593RED.bed.gz	low	ENCODE	ENCODE:rolling	2026-04-12
ENST00000237177_9606	TARDBP	K562	eCLIP	1	3.702193	-1	ENCFF593RED	ENCSR720BJU	ENCODE	ENCFF593RED.bed.gz	low	ENCODE	ENCODE:rolling	2026-04-12
ENST00000237283_9606	TARDBP	K562	eCLIP	1	3.898527	-1	ENCFF593RED	ENCSR720BJU	ENCODE	ENCFF593RED.bed.gz	low	ENCODE	ENCODE:rolling	2026-04-12
ENST00000237380_9606	TARDBP	K562	eCLIP	1	6.002492	-1	ENCFF593RED	ENCSR720BJU	ENCODE	ENCFF593RED.bed.gz	low	ENCODE	ENCODE:rolling	2026-04-12
ENST00000237530_9606	TARDBP	K562	eCLIP	1	4.23001	-1	ENCFF593RED	ENCSR720BJU	ENCODE	ENCFF593RED.bed.gz	low	ENCODE	ENCODE:rolling	2026-04-12
ENST00000237536_9606	TARDBP	K562	eCLIP	4	5.947872	-1	ENCFF593RED	ENCSR720BJU	ENCODE	ENCFF593RED.bed.gz	medium	ENCODE	ENCODE:rolling	2026-04-12
ENST00000237654_9606	TARDBP	K562	eCLIP	1	4.581689	-1	ENCFF593RED	ENCSR720BJU	ENCODE	ENCFF593RED.bed.gz	low	ENCODE	ENCODE:rolling	2026-04-12
ENST00000239117_9606	TARDBP	K562	eCLIP	14	8.292721	-1	ENCFF593RED	ENCSR720BJU	ENCODE	ENCFF593RED.bed.gz	high	ENCODE	ENCODE:rolling	2026-04-12
ENST00000239906_9606	TARDBP	K562	eCLIP	1	5.488482	-1	ENCFF593RED	ENCSR720BJU	ENCODE	ENCFF593RED.bed.gz	low	ENCODE	ENCODE:rolling	2026-04-12
ENST00000240095_9606	TARDBP	K562	eCLIP	1	4.478463	-1	ENCFF593RED	ENCSR720BJU	ENCODE	ENCFF593RED.bed.gz	low	ENCODE	ENCODE:rolling	2026-04-12
ENST00000240185_9606	TARDBP	K562	eCLIP	3	5.628243	-1	ENCFF593RED	ENCSR720BJU	ENCODE	ENCFF593RED.bed.gz	medium	ENCODE	ENCODE:rolling	2026-04-12
ENST00000240364_9606	TARDBP	K562	eCLIP	2	6.001577	-1	ENCFF593RED	ENCSR720BJU	ENCODE	ENCFF593RED.bed.gz	low	ENCODE	ENCODE:rolling	2026-04-12
ENST00000241502_9606	TARDBP	K562	eCLIP	1	4.360439	-1	ENCFF593RED	ENCSR720BJU	ENCODE	ENCFF593RED.bed.gz	low	ENCODE	ENCODE:rolling	2026-04-12
ENST00000242351_9606	TARDBP	K562	eCLIP	2	5.414723	-1	ENCFF593RED	ENCSR720BJU	ENCODE	ENCFF593RED.bed.gz	low	ENCODE	ENCODE:rolling	2026-04-12
ENST00000243563_9606	TARDBP	K562	eCLIP	1	3.73474	-1	ENCFF593RED	ENCSR720BJU	ENCODE	ENCFF593RED.bed.gz	low	ENCODE	ENCODE:rolling	2026-04-12
ENST00000244289_9606	TARDBP	K562	eCLIP	1	3.975936	-1	ENCFF593RED	ENCSR720BJU	ENCODE	ENCFF593RED.bed.gz	low	ENCODE	ENCODE:rolling	2026-04-12
ENST00000244519_9606	TARDBP	K562	eCLIP	1	4.802205	-1	ENCFF593RED	ENCSR720BJU	ENCODE	ENCFF593RED.bed.gz	low	ENCODE	ENCODE:rolling	2026-04-12
ENST00000244669_9606	TARDBP	K562	eCLIP	2	5.192885	-1	ENCFF593RED	ENCSR720BJU	ENCODE	ENCFF593RED.bed.gz	low	ENCODE	ENCODE:rolling	2026-04-12
ENST00000244815_9606	TARDBP	K562	eCLIP	1	4.587133	-1	ENCFF593RED	ENCSR720BJU	ENCODE	ENCFF593RED.bed.gz	low	ENCODE	ENCODE:rolling	2026-04-12
ENST00000245206_9606	TARDBP	K562	eCLIP	1	4.764187	-1	ENCFF593RED	ENCSR720BJU	ENCODE	ENCFF593RED.bed.gz	low	ENCODE	ENCODE:rolling	2026-04-12
ENST00000245544_9606	TARDBP	K562	eCLIP	2	4.171975	-1	ENCFF593RED	ENCSR720BJU	ENCODE	ENCFF593RED.bed.gz	low	ENCODE	ENCODE:rolling	2026-04-12
ENST00000245817_9606	TARDBP	K562	eCLIP	2	6.091998	-1	ENCFF593RED	ENCSR720BJU	ENCODE	ENCFF593RED.bed.gz	low	ENCODE	ENCODE:rolling	2026-04-12
ENST00000245838_9606	TARDBP	K562	eCLIP	2	4.440489	-1	ENCFF593RED	ENCSR720BJU	ENCODE	ENCFF593RED.bed.gz	low	ENCODE	ENCODE:rolling	2026-04-12
ENST00000245934_9606	TARDBP	K562	eCLIP	1	4.819703	-1	ENCFF593RED	ENCSR720BJU	ENCODE	ENCFF593RED.bed.gz	low	ENCODE	ENCODE:rolling	2026-04-12
ENST00000245960_9606	TARDBP	K562	eCLIP	2	7.552163	-1	ENCFF593RED	ENCSR720BJU	ENCODE	ENCFF593RED.bed.gz	low	ENCODE	ENCODE:rolling	2026-04-12
ENST00000246163_9606	TARDBP	K562	eCLIP	2	5.205882	-1	ENCFF593RED	ENCSR720BJU	ENCODE	ENCFF593RED.bed.gz	low	ENCODE	ENCODE:rolling	2026-04-12
ENST00000246190_9606	TARDBP	K562	eCLIP	1	4.345936	-1	ENCFF593RED	ENCSR720BJU	ENCODE	ENCFF593RED.bed.gz	low	ENCODE	ENCODE:rolling	2026-04-12
ENST00000246194_9606	TARDBP	K562	eCLIP	1	4.626191	-1	ENCFF593RED	ENCSR720BJU	ENCODE	ENCFF593RED.bed.gz	low	ENCODE	ENCODE:rolling	2026-04-12
ENST00000246489_9606	TARDBP	K562	eCLIP	4	5.08496	-1	ENCFF593RED	ENCSR720BJU	ENCODE	ENCFF593RED.bed.gz	medium	ENCODE	ENCODE:rolling	2026-04-12
ENST00000247087_9606	TARDBP	K562	eCLIP	4	4.646455	-1	ENCFF593RED	ENCSR720BJU	ENCODE	ENCFF593RED.bed.gz	medium	ENCODE	ENCODE:rolling	2026-04-12
ENST00000248054_9606	TARDBP	K562	eCLIP	13	5.344419	-1	ENCFF593RED	ENCSR720BJU	ENCODE	ENCFF593RED.bed.gz	high	ENCODE	ENCODE:rolling	2026-04-12
ENST00000248070_9606	TARDBP	K562	eCLIP	2	4.679649	-1	ENCFF593RED	ENCSR720BJU	ENCODE	ENCFF593RED.bed.gz	low	ENCODE	ENCODE:rolling	2026-04-12
ENST00000248139_9606	TARDBP	K562	eCLIP	4	5.005687	-1	ENCFF593RED	ENCSR720BJU	ENCODE	ENCFF593RED.bed.gz	medium	ENCODE	ENCODE:rolling	2026-04-12
ENST00000248566_9606	TARDBP	K562	eCLIP	1	4.25565	-1	ENCFF593RED	ENCSR720BJU	ENCODE	ENCFF593RED.bed.gz	low	ENCODE	ENCODE:rolling	2026-04-12
ENST00000248668_9606	TARDBP	K562	eCLIP	6	5.836786	-1	ENCFF593RED	ENCSR720BJU	ENCODE	ENCFF593RED.bed.gz	medium	ENCODE	ENCODE:rolling	2026-04-12
ENST00000248846_9606	TARDBP	K562	eCLIP	10	6.319703	-1	ENCFF593RED	ENCSR720BJU	ENCODE	ENCFF593RED.bed.gz	high	ENCODE	ENCODE:rolling	2026-04-12
ENST00000248958_9606	TARDBP	K562	eCLIP	1	4.982318	-1	ENCFF593RED	ENCSR720BJU	ENCODE	ENCFF593RED.bed.gz	low	ENCODE	ENCODE:rolling	2026-04-12
ENST00000249364_9606	TARDBP	K562	eCLIP	1	5.425151	-1	ENCFF593RED	ENCSR720BJU	ENCODE	ENCFF593RED.bed.gz	low	ENCODE	ENCODE:rolling	2026-04-12
ENST00000249601_9606	TARDBP	K562	eCLIP	3	4.619999	-1	ENCFF593RED	ENCSR720BJU	ENCODE	ENCFF593RED.bed.gz	medium	ENCODE	ENCODE:rolling	2026-04-12
ENST00000249750_9606	TARDBP	K562	eCLIP	1	3.713206	-1	ENCFF593RED	ENCSR720BJU	ENCODE	ENCFF593RED.bed.gz	low	ENCODE	ENCODE:rolling	2026-04-12
ENST00000249806_9606	TARDBP	K562	eCLIP	1	6.041229	-1	ENCFF593RED	ENCSR720BJU	ENCODE	ENCFF593RED.bed.gz	low	ENCODE	ENCODE:rolling	2026-04-12
ENST00000249923_9606	TARDBP	K562	eCLIP	1	4.252207	-1	ENCFF593RED	ENCSR720BJU	ENCODE	ENCFF593RED.bed.gz	low	ENCODE	ENCODE:rolling	2026-04-12
ENST00000250405_9606	TARDBP	K562	eCLIP	1	4.660308	-1	ENCFF593RED	ENCSR720BJU	ENCODE	ENCFF593RED.bed.gz	low	ENCODE	ENCODE:rolling	2026-04-12
ENST00000250894_9606	TARDBP	K562	eCLIP	23	7.416958	-1	ENCFF593RED	ENCSR720BJU	ENCODE	ENCFF593RED.bed.gz	high	ENCODE	ENCODE:rolling	2026-04-12
ENST00000250896_9606	TARDBP	K562	eCLIP	2	4.980981	-1	ENCFF593RED	ENCSR720BJU	ENCODE	ENCFF593RED.bed.gz	low	ENCODE	ENCODE:rolling	2026-04-12
ENST00000251091_9606	TARDBP	K562	eCLIP	3	7.162449	-1	ENCFF593RED	ENCSR720BJU	ENCODE	ENCFF593RED.bed.gz	medium	ENCODE	ENCODE:rolling	2026-04-12
ENST00000251195_9606	TARDBP	K562	eCLIP	1	5.030749	-1	ENCFF593RED	ENCSR720BJU	ENCODE	ENCFF593RED.bed.gz	low	ENCODE	ENCODE:rolling	2026-04-12
ENST00000251472_9606	TARDBP	K562	eCLIP	5	5.318523	-1	ENCFF593RED	ENCSR720BJU	ENCODE	ENCFF593RED.bed.gz	medium	ENCODE	ENCODE:rolling	2026-04-12
ENST00000251473_9606	TARDBP	K562	eCLIP	3	5.152425	-1	ENCFF593RED	ENCSR720BJU	ENCODE	ENCFF593RED.bed.gz	medium	ENCODE	ENCODE:rolling	2026-04-12
ENST00000251507_9606	TARDBP	K562	eCLIP	4	4.792479	-1	ENCFF593RED	ENCSR720BJU	ENCODE	ENCFF593RED.bed.gz	medium	ENCODE	ENCODE:rolling	2026-04-12
ENST00000251527_9606	TARDBP	K562	eCLIP	2	4.989104	-1	ENCFF593RED	ENCSR720BJU	ENCODE	ENCFF593RED.bed.gz	low	ENCODE	ENCODE:rolling	2026-04-12
ENST00000251654_9606	TARDBP	K562	eCLIP	2	6.041229	-1	ENCFF593RED	ENCSR720BJU	ENCODE	ENCFF593RED.bed.gz	low	ENCODE	ENCODE:rolling	2026-04-12
ENST00000251849_9606	TARDBP	K562	eCLIP	2	5.862046	-1	ENCFF593RED	ENCSR720BJU	ENCODE	ENCFF593RED.bed.gz	low	ENCODE	ENCODE:rolling	2026-04-12
ENST00000251879_9606	TARDBP	K562	eCLIP	1	4.566223	-1	ENCFF593RED	ENCSR720BJU	ENCODE	ENCFF593RED.bed.gz	low	ENCODE	ENCODE:rolling	2026-04-12
ENST00000252071_9606	TARDBP	K562	eCLIP	2	5.905189	-1	ENCFF593RED	ENCSR720BJU	ENCODE	ENCFF593RED.bed.gz	low	ENCODE	ENCODE:rolling	2026-04-12
ENST00000252211_9606	TARDBP	K562	eCLIP	1	5.324402	-1	ENCFF593RED	ENCSR720BJU	ENCODE	ENCFF593RED.bed.gz	low	ENCODE	ENCODE:rolling	2026-04-12
ENST00000252322_9606	TARDBP	K562	eCLIP	1	4.568452	-1	ENCFF593RED	ENCSR720BJU	ENCODE	ENCFF593RED.bed.gz	low	ENCODE	ENCODE:rolling	2026-04-12
ENST00000252445_9606	TARDBP	K562	eCLIP	3	9.329071	-1	ENCFF593RED	ENCSR720BJU	ENCODE	ENCFF593RED.bed.gz	medium	ENCODE	ENCODE:rolling	2026-04-12
ENST00000252674_9606	TARDBP	K562	eCLIP	8	6.039782	-1	ENCFF593RED	ENCSR720BJU	ENCODE	ENCFF593RED.bed.gz	medium	ENCODE	ENCODE:rolling	2026-04-12
ENST00000252711_9606	TARDBP	K562	eCLIP	2	5.799786	-1	ENCFF593RED	ENCSR720BJU	ENCODE	ENCFF593RED.bed.gz	low	ENCODE	ENCODE:rolling	2026-04-12
ENST00000252813_9606	TARDBP	K562	eCLIP	1	3.509724	-1	ENCFF593RED	ENCSR720BJU	ENCODE	ENCFF593RED.bed.gz	low	ENCODE	ENCODE:rolling	2026-04-12
ENST00000252826_9606	TARDBP	K562	eCLIP	1	5.059491	-1	ENCFF593RED	ENCSR720BJU	ENCODE	ENCFF593RED.bed.gz	low	ENCODE	ENCODE:rolling	2026-04-12
ENST00000252891_9606	TARDBP	K562	eCLIP	9	6.840613	-1	ENCFF593RED	ENCSR720BJU	ENCODE	ENCFF593RED.bed.gz	medium	ENCODE	ENCODE:rolling	2026-04-12
ENST00000252996_9606	TARDBP	K562	eCLIP	3	5.573444	-1	ENCFF593RED	ENCSR720BJU	ENCODE	ENCFF593RED.bed.gz	medium	ENCODE	ENCODE:rolling	2026-04-12
ENST00000252999_9606	TARDBP	K562	eCLIP	3	5.897823	-1	ENCFF593RED	ENCSR720BJU	ENCODE	ENCFF593RED.bed.gz	medium	ENCODE	ENCODE:rolling	2026-04-12
ENST00000253108_9606	TARDBP	K562	eCLIP	3	4.950171	-1	ENCFF593RED	ENCSR720BJU	ENCODE	ENCFF593RED.bed.gz	medium	ENCODE	ENCODE:rolling	2026-04-12
ENST00000253122_9606	TARDBP	K562	eCLIP	4	6.412732	-1	ENCFF593RED	ENCSR720BJU	ENCODE	ENCFF593RED.bed.gz	medium	ENCODE	ENCODE:rolling	2026-04-12
ENST00000253144_9606	TARDBP	K562	eCLIP	1	4.48349	-1	ENCFF593RED	ENCSR720BJU	ENCODE	ENCFF593RED.bed.gz	low	ENCODE	ENCODE:rolling	2026-04-12
ENST00000253251_9606	TARDBP	K562	eCLIP	1	5.391448	-1	ENCFF593RED	ENCSR720BJU	ENCODE	ENCFF593RED.bed.gz	low	ENCODE	ENCODE:rolling	2026-04-12
ENST00000253458_9606	TARDBP	K562	eCLIP	1	5.463169	-1	ENCFF593RED	ENCSR720BJU	ENCODE	ENCFF593RED.bed.gz	low	ENCODE	ENCODE:rolling	2026-04-12
ENST00000253506_9606	TARDBP	K562	eCLIP	4	5.304616	-1	ENCFF593RED	ENCSR720BJU	ENCODE	ENCFF593RED.bed.gz	medium	ENCODE	ENCODE:rolling	2026-04-12
ENST00000253692_9606	TARDBP	K562	eCLIP	2	3.814972	-1	ENCFF593RED	ENCSR720BJU	ENCODE	ENCFF593RED.bed.gz	low	ENCODE	ENCODE:rolling	2026-04-12
ENST00000253699_9606	TARDBP	K562	eCLIP	2	4.475936	-1	ENCFF593RED	ENCSR720BJU	ENCODE	ENCFF593RED.bed.gz	low	ENCODE	ENCODE:rolling	2026-04-12
ENST00000253861_9606	TARDBP	K562	eCLIP	2	4.098967	-1	ENCFF593RED	ENCSR720BJU	ENCODE	ENCFF593RED.bed.gz	low	ENCODE	ENCODE:rolling	2026-04-12
ENST00000253925_9606	TARDBP	K562	eCLIP	1	4.87417	-1	ENCFF593RED	ENCSR720BJU	ENCODE	ENCFF593RED.bed.gz	low	ENCODE	ENCODE:rolling	2026-04-12
ENST00000254066_9606	TARDBP	K562	eCLIP	2	5.081689	-1	ENCFF593RED	ENCSR720BJU	ENCODE	ENCFF593RED.bed.gz	low	ENCODE	ENCODE:rolling	2026-04-12
ENST00000254108_9606	TARDBP	K562	eCLIP	1	5.207873	-1	ENCFF593RED	ENCSR720BJU	ENCODE	ENCFF593RED.bed.gz	low	ENCODE	ENCODE:rolling	2026-04-12
ENST00000254235_9606	TARDBP	K562	eCLIP	1	4.220456	-1	ENCFF593RED	ENCSR720BJU	ENCODE	ENCFF593RED.bed.gz	low	ENCODE	ENCODE:rolling	2026-04-12
ENST00000254480_9606	TARDBP	K562	eCLIP	2	4.280963	-1	ENCFF593RED	ENCSR720BJU	ENCODE	ENCFF593RED.bed.gz	low	ENCODE	ENCODE:rolling	2026-04-12
ENST00000254508_9606	TARDBP	K562	eCLIP	7	6.251452	-1	ENCFF593RED	ENCSR720BJU	ENCODE	ENCFF593RED.bed.gz	medium	ENCODE	ENCODE:rolling	2026-04-12
ENST00000254579_9606	TARDBP	K562	eCLIP	1	4.566223	-1	ENCFF593RED	ENCSR720BJU	ENCODE	ENCFF593RED.bed.gz	low	ENCODE	ENCODE:rolling	2026-04-12
ENST00000254799_9606	TARDBP	K562	eCLIP	2	6.298168	-1	ENCFF593RED	ENCSR720BJU	ENCODE	ENCFF593RED.bed.gz	low	ENCODE	ENCODE:rolling	2026-04-12
ENST00000254900_9606	TARDBP	K562	eCLIP	1	3.975936	-1	ENCFF593RED	ENCSR720BJU	ENCODE	ENCFF593RED.bed.gz	low	ENCODE	ENCODE:rolling	2026-04-12
ENST00000254908_9606	TARDBP	K562	eCLIP	1	5.176062	-1	ENCFF593RED	ENCSR720BJU	ENCODE	ENCFF593RED.bed.gz	low	ENCODE	ENCODE:rolling	2026-04-12
ENST00000255559_9606	TARDBP	K562	eCLIP	2	5.199413	-1	ENCFF593RED	ENCSR720BJU	ENCODE	ENCFF593RED.bed.gz	low	ENCODE	ENCODE:rolling	2026-04-12
ENST00000255613_9606	TARDBP	K562	eCLIP	2	4.660308	-1	ENCFF593RED	ENCSR720BJU	ENCODE	ENCFF593RED.bed.gz	low	ENCODE	ENCODE:rolling	2026-04-12
